No,Komentar,Label,Hasil Klasifikasi,Kategori_Positif,Kategori_Netral,Kategori_Negatif,TP_Positif,FP_Positif,TN_Positif,FN_Positif,TP_Netral,FP_Netral,TN_Netral,FN_Netral,TP_Negatif,FP_Negatif,TN_Negatif,FN_Negatif
1,cepat ketemu qris seabank ditemuin tipetipe like balas qris seabank sebanyakbanyaknya kejut spesial bikin transaksi anti wory,Positif,Netral,FN,FP,TN,,,,1,,1,,,,,1,
2,barusan transaksi qris livin transaksi tunda saldo potong ngembalin saldo,Negatif,Netral,TN,FP,FN,,,1,,,1,,,,,,1
3,transport murah ngutamain tempat jangkau jalur transport kemarin coba versi transjogja harga cepat aman nyaman bayar qris transjakarta emoney cari rute gmaps movit,Positif,Positif,TP,TN,TN,1,,,,,,1,,,,1,
4,rumit main aplikasi hasil uang paris gacor uang tambah menit langsung masuk,Netral,Positif,FP,FN,TN,,1,,,,,,1,,,1,
5,inovasi bayar pajak kota bogor pakaiqris,Netral,Netral,TN,TP,TN,,,1,,1,,,,,,1,
6,riana phm keluh keluh transaksi qris sila tungu informasi direct message terima pf,Netral,Netral,TN,TP,TN,,,1,,1,,,,,,1,
7,usung semangat ungul bi kenal qris riau,Netral,Positif,FP,FN,TN,,1,,,,,,1,,,1,
8,selamat pagi sat transaksi qris cros border laku negara thailand mengunakan mbca mobile transaksi bank partner thailand integrasi jaring qris bank cimb thai beli badif,Netral,Netral,TN,TP,TN,,,1,,1,,,,,,1,
9,kenal transaksi qris nama belashop sfu,Netral,Netral,TN,TP,TN,,,1,,1,,,,,,1,
10,beli alfamart alfamart nya orang item hari lihat nya orang transaksi promo shopepay sekitar qris,Netral,Netral,TN,TP,TN,,,1,,1,,,,,,1,
11,protes habis kemarin bayar qris kena potong ngamuk,Negatif,Negatif,TN,TN,TP,,,1,,,,1,,1,,,
12,open jasa pinjam qris fe hitung hari transaksi bebas transaksi kali nominal langsung hubung detail testi,Netral,Netral,TN,TP,TN,,,1,,1,,,,,,1,
13,bias beli qris pas habis tf ditunjukin jual bawa minjem hotspot ojan isi kuota pas habis bayar kuota hasil pembayaranya lihat ojan,Netral,Netral,TN,TP,TN,,,1,,1,,,,,,1,
14,qrisnya bi langsung kirim email scan terima push instead pul crowdfunding,Netral,Negatif,TN,FN,FP,,,1,,,,,1,,1,,
15,lu klik qris klik muncul tau transaksi qris,Netral,Netral,TN,TP,TN,,,1,,1,,,,,,1,
16,bismilah ayo lengkapin infaq subuh qris sisa rp link doku shopepay yatim dhuafa muslim minoritas konfirmasi klik,Netral,Netral,TN,TP,TN,,,1,,1,,,,,,1,
17,payo qris qr code bayar,Netral,Netral,TN,TP,TN,,,1,,1,,,,,,1,
18,bayar parkir qris,Netral,Netral,TN,TP,TN,,,1,,1,,,,,,1,
19,netflix langsung login bayar qris,Netral,Netral,TN,TP,TN,,,1,,1,,,,,,1,
20,asosiasi dagang pasar johar karawang transaksi qris pasar johar laku pemberlakuanya tahap,Netral,Netral,TN,TP,TN,,,1,,1,,,,,,1,
21,al qris ac emailpasword go gren masuk mtht random pesan direct message,Netral,Netral,TN,TP,TN,,,1,,1,,,,,,1,
22,sobat informasi transaksi qris kartu kredit sumber mengunakan kartu kredit reguler fitur kartu kredit co branding card tokopedia card traveloka btn gadai,Netral,Netral,TN,TP,TN,,,1,,1,,,,,,1,
23,transaksi qris minimal rp ribu lupa langsung klik baner halaman aplikasi neobank pilih hadiah lucky box,Netral,Netral,TN,TP,TN,,,1,,1,,,,,,1,
24,ramai habis bank indonesia gelar riah ujung sosialisasi qris metode bayar non tunai adu cepat ptanyan uang elektronik hadiah,Netral,Netral,TN,TP,TN,,,1,,1,,,,,,1,
25,bismilah ayo lengkapin infaq qris sisa rp link doku shopepay yatim dhuafa muslim minoritas konfirmasi klik,Netral,Netral,TN,TP,TN,,,1,,1,,,,,,1,
26,piece bring gren zhang hao dom bebas prefer bayar qris,Netral,Netral,TN,TP,TN,,,1,,1,,,,,,1,
27,sun sands promo ayo serbu minimum transaksi rp juta nikmat potong rp ribu transaksi qris mybcabca mobilesakuku promo laku loh ketingalan cek lengkap,Netral,Netral,TN,TP,TN,,,1,,1,,,,,,1,
28,kosong qris al ac emailpasword go gren masuk mtht random pesan direct message,Netral,Netral,TN,TP,TN,,,1,,1,,,,,,1,
29,dukung transaksi non tunai bsb luncur qris,Netral,Netral,TN,TP,TN,,,1,,1,,,,,,1,
30,layan aplikasi bsb qris mawardi yahya syarat,Netral,Netral,TN,TP,TN,,,1,,1,,,,,,1,
31,asyik gaes kahitna hadir konser ims infinite liveterus diskon tiket bundle masuk ims surabaya bayar qris dbank pro ribu ribu beli tiket spot tiket box traktir keluarga ayang,Positif,Positif,TP,TN,TN,1,,,,,,1,,,,1,
32,mandiri jam gin transaksi lelet transaksi qris gagal potong,Negatif,Negatif,TN,TN,TP,,,1,,,,1,,1,,,
33,jual netflix bayar qris langsung proses,Netral,Netral,TN,TP,TN,,,1,,1,,,,,,1,
34,lupa pulang bayar qris,Netral,Netral,TN,TP,TN,,,1,,1,,,,,,1,
35,kakak transaksi kakak qris sibeng,Netral,Netral,TN,TP,TN,,,1,,1,,,,,,1,
36,iya habis ngescan langsung close pas nunjukin status transaksi huhu tanggal qris sate martabak martabak muncul status transaksi benar bingung banget takut bayar,Negatif,Negatif,TN,TN,TP,,,1,,,,1,,1,,,
37,scan qris mengunakan aplikasi simobi bersamasama atas wabah covid saudara,Netral,Netral,TN,TP,TN,,,1,,1,,,,,,1,
38,rangkai bayar al ewalets qris wording hari harga affordable bundle fre request get em selagi open,Netral,Netral,TN,TP,TN,,,1,,1,,,,,,1,
39,pokok urus bayarbayar sat cari makan tinggal qris neobank praktis ambil hadiah ayo transaksi minimal rp ribu qris neobank ambil hadiah informasi lengkap klik,Netral,Netral,TN,TP,TN,,,1,,1,,,,,,1,
40,belanja pasar raya padang qris,Netral,Netral,TN,TP,TN,,,1,,1,,,,,,1,
41,sorry using bikin qris mending dompet prefer biaya adminya rumit sharing tambah minus kah terima,Netral,Netral,TN,TP,TN,,,1,,1,,,,,,1,
42,transaksi mengunakan qris akun pacar akun bisnis cv terima,Netral,Netral,TN,TP,TN,,,1,,1,,,,,,1,
43,jagat kasi banget sekolah bandung kanti bayar tunai qris kartu foreadaus sat jul makan sate apjay bayar qris transaksi nambah ribu,Negatif,Negatif,TN,TN,TP,,,1,,,,1,,1,,,
44,transaksi merchant qris ganguan proses daritadi butuh,Negatif,Negatif,TN,TN,TP,,,1,,,,1,,1,,,
45,kosong al qris akun emailpasword go gren masuk mtht random pesan direct message,Netral,Netral,TN,TP,TN,,,1,,1,,,,,,1,
46,selamat dunia bank mega syariah luncur fitur qris aplikasi msyariah nikmat mudah transaksi teknologi baru november,Netral,Netral,TN,TP,TN,,,1,,1,,,,,,1,
47,transaksi mah rumit qris gampang fitur donasi zakat thr bayar tiket kai kecangihan anti rumit,Positif,Positif,TP,TN,TN,1,,,,,,1,,,,1,
48,minimal konfirmasi pengunan bayar qris thailand tarif debit kartu biru transaksi negara,Netral,Netral,TN,TP,TN,,,1,,1,,,,,,1,
49,hlow beli netflix hari bayar qris,Netral,Netral,TN,TP,TN,,,1,,1,,,,,,1,
50,bayar qris nungu menit bgst,Netral,Negatif,TN,FN,FP,,,1,,,,,1,,1,,
51,informasi promo diskon mcd bayar blu qris cashback minim belanja maksimal penguna kode kupon sat bayar blumcd,Netral,Netral,TN,TP,TN,,,1,,1,,,,,,1,
52,merchant qris umi mdrnya transaksi qris bawah rp merchant kena mdr terims,Netral,Netral,TN,TP,TN,,,1,,1,,,,,,1,
53,optimalisasi qris laku usaha hinga masyarakat mudah transaksi uang dagang mudah monitor hasil mutasi penjualanya praktis cepat,Positif,Positif,TP,TN,TN,1,,,,,,1,,,,1,
54,minimal qris livin pending kah barusan langgan tf qris masuk riwayat transaksi potong masuk saldo tolong respons keluh minimal terima,Netral,Netral,TN,TP,TN,,,1,,1,,,,,,1,
55,mudah cepat tunai bcr kenyat brp persen dagang transaksi qris sept dagang gado qris laku transaksi tradisional tunai nyata,Netral,Netral,TN,TP,TN,,,1,,1,,,,,,1,
56,gojek kenal mudah sedekah digital qris kotak infaq nu com,Netral,Netral,TN,TP,TN,,,1,,1,,,,,,1,
57,show sr bayar qris,Netral,Netral,TN,TP,TN,,,1,,1,,,,,,1,
58,qris bayar masuk nya ewalet,Netral,Netral,TN,TP,TN,,,1,,1,,,,,,1,
59,belanj qris bc gagal lfanya transaksi gagal sedot komplain urus gd solusi mas gabti nungu gaji kasi butuh,Negatif,Negatif,TN,TN,TP,,,1,,,,1,,1,,,
60,manfat transaksi mengunakan qris,Netral,Netral,TN,TP,TN,,,1,,1,,,,,,1,
61,disclaimer sering transaksi cashles kota handphone nonnfc qris makenya tonedeaf maksain orang gues orang indo tabung bank orang mayoritas hpnya kentang gd nfcnya,Netral,Negatif,TN,FN,FP,,,1,,,,,1,,1,,
62,pilih mengunakan shope partner client transaksi jalan payment qris acept terima,Positif,Netral,FN,FP,TN,,,,1,,1,,,,,1,
63,qris cangih banget transaksi bank edc stiker tempel sat biaya tambah,Positif,Positif,TP,TN,TN,1,,,,,,1,,,,1,
64,bus trans metro pasundan murah terminal leuwipanjang dago ribu rupiah fasilitas terminal leuwipanjang nyaman bayar uang elektronik qris,Positif,Positif,TP,TN,TN,1,,,,,,1,,,,1,
65,bi transaksi qris lonjak april atm laku,Netral,Netral,TN,TP,TN,,,1,,1,,,,,,1,
66,tementemen hatihati please benar error transaksi qris punya masuk astaghfirulah,Negatif,Negatif,TN,TN,TP,,,1,,,,1,,1,,,
67,terima hubung sosial media kredivo akun putra aktif milik limit cukup kakak transaksi mengunakan metode pembayara qris kakak ikut langkahlangkah transaksi mengunakan qr,Netral,Netral,TN,TP,TN,,,1,,1,,,,,,1,
68,bayar qris kartu kredit brimo gampang detik,Netral,Netral,TN,TP,TN,,,1,,1,,,,,,1,
69,bpd bal sasar transaksi bayar daring qris pasar,Netral,Netral,TN,TP,TN,,,1,,1,,,,,,1,
70,wih konser ims infinite live semangat banget nyanyi bareng rizki febrian tinggal beli tiket bundle promo spesial diskon ims surabaya danamon qris dbank pro beli tiket ots,Positif,Positif,TP,TN,TN,1,,,,,,1,,,,1,
71,mudah transaksi nasabah bsb luncur aplikasi qris,Netral,Netral,TN,TP,TN,,,1,,1,,,,,,1,
72,unika kampus terapkanqris,Netral,Netral,TN,TP,TN,,,1,,1,,,,,,1,
73,atm kadaluarsa alhasil transaksi ngandelin qris pas minimart merah oren bilang kasir qris kris mas mbak kris kyuris kiris ngmngnya ngenyek banget,Negatif,Negatif,TN,TN,TP,,,1,,,,1,,1,,,
74,bayar qris dilebihin top ewalet potong biaya admin,Negatif,Netral,TN,FP,FN,,,1,,,1,,,,,,1
75,beda handphone tunai brp negara ln beli jalan pasar thrift market qris ngescan ln bnrn tinggal tap detik detik aple watch,Netral,Netral,TN,TP,TN,,,1,,1,,,,,,1,
76,dorong implementasi qris ekosistem didik,Netral,Netral,TN,TP,TN,,,1,,1,,,,,,1,
77,scan qris merek handphone bayar jam,Netral,Netral,TN,TP,TN,,,1,,1,,,,,,1,
78,bpkibu transaksi mudah belanja ofline qris belanja daring debit virtual tarik tunai kartu livin fitur livin lai klik,Netral,Netral,TN,TP,TN,,,1,,1,,,,,,1,
79,tangap perihal akun kena brute force transaksi qris laku,Netral,Netral,TN,TP,TN,,,1,,1,,,,,,1,
80,bismilah ayo lengkapin infaq subuh qris sisa rp link doku shopepay yatim dhuafa muslim minoritas konfirmasi klik,Netral,Netral,TN,TP,TN,,,1,,1,,,,,,1,
81,ributransaksi bebas baya qris,Netral,Netral,TN,TP,TN,,,1,,1,,,,,,1,
82,merchant kena potong biaya konsumen bayar qris salah aneh beban konsumen,Negatif,Negatif,TN,TN,TP,,,1,,,,1,,1,,,
83,dongkrak transaksi umkm jokowi terap kartu kredit perintah qris kuat,Netral,Netral,TN,TP,TN,,,1,,1,,,,,,1,
84,sobat transaksi qris bayar otomatis rekening merchant transaksi jam wib transaksi jam wib masuk rekening,Netral,Netral,TN,TP,TN,,,1,,1,,,,,,1,
85,bayar qris notif nama lengkap bodoh,Negatif,Negatif,TN,TN,TP,,,1,,,,1,,1,,,
86,rumah sakit perintah provinsi bal rs bal mandara rs mata bal mandara rs jiwa provindi bal puri raharja delengkapi transaksi digital qris qr code indonesia indonesian,Netral,Netral,TN,TP,TN,,,1,,1,,,,,,1,
87,senang banget jajan bayar qris danamon cashback,Netral,Positif,FP,FN,TN,,1,,,,,,1,,,1,
88,sel akun shared netflix gopaydanaovo akun verif scan qris,Netral,Netral,TN,TP,TN,,,1,,1,,,,,,1,
89,catu agustus diresmikanya kecak adaptasi new normal digitalisasi sistem bayar bas qris quick respons code indonesian standard tempat uluwatu bal gubernur bal wayan koster,Netral,Netral,TN,TP,TN,,,1,,1,,,,,,1,
90,bal beli souvenir toko jalan legi bayar qris salah toko bayar rekening nama orang iya orang ingris,Netral,Negatif,TN,FN,FP,,,1,,,,,1,,1,,
91,indoapril alfa bayar make qris gas,Netral,Netral,TN,TP,TN,,,1,,1,,,,,,1,
92,sayang kendala bpkibu langgan proses setlement transaksi qris statis otomatis kredit rekening setlement merchant kalender terima erwan,Netral,Netral,TN,TP,TN,,,1,,1,,,,,,1,
93,telkomsel provider favorit bikin aktivitas hepi beli kuota orbit paket internet roamax umroh diskon rp ribu bayar qris livin mandiri ayo beli indomaret periode juli september,Netral,Netral,TN,TP,TN,,,1,,1,,,,,,1,
94,qris,Netral,Netral,TN,TP,TN,,,1,,1,,,,,,1,
95,mots drop tmi duluan bayar qris alfamart,Netral,Netral,TN,TP,TN,,,1,,1,,,,,,1,
96,al qris acount emailpasword go gren masuk mtht random pesan direct message,Netral,Netral,TN,TP,TN,,,1,,1,,,,,,1,
97,kfc rp scan qris aplikasi jenius agustus laku transaksi paket penguna jenius periode program,Netral,Netral,TN,TP,TN,,,1,,1,,,,,,1,
98,sumpa malu banget mba sushi tei nya ngasi scan menu bingung scan tau nge scan nya qris anjeng,Negatif,Negatif,TN,TN,TP,,,1,,,,1,,1,,,
99,coba grafik alam pribadi sat ajar sistem bayar mudah lihat diagram gpn uintegrasi proses transaksi indonesia backend ritel mis transaksi kartu qris scannfc dibocorin sylv,Netral,Netral,TN,TP,TN,,,1,,1,,,,,,1,
100,habis nya syukur hasya laundry gendeng banget cok ribu kilo fre jemput hari hari bayar qris ahdgueuehsje love hasya laundry savior,Positif,Positif,TP,TN,TN,1,,,,,,1,,,,1,
101,asalamualaikum ade mohon maf ketidaknyamananya informasi transaksi qris masuk rekening kerja transaksi nyata hasil,Netral,Netral,TN,TP,TN,,,1,,1,,,,,,1,
102,menang hadiah scan qris simobiplus bayar belanjan jajan merchant favorit ayo bikin transaksi scan qris simobiplus raih sempat informasi sk laku,Netral,Netral,TN,TP,TN,,,1,,1,,,,,,1,
103,bayar ewalet bayar suruh bayar qris bjingan,Negatif,Netral,TN,FP,FN,,,1,,,1,,,,,,1
104,ngamplop nya qris,Netral,Netral,TN,TP,TN,,,1,,1,,,,,,1,
105,qris toko shope bayar qris shopepay,Netral,Netral,TN,TP,TN,,,1,,1,,,,,,1,
106,qris ungul indonesia maju,Positif,Netral,FN,FP,TN,,,,1,,1,,,,,1,
107,kerja qris pilih penguna layan transaksi bayar lintas batas,Netral,Netral,TN,TP,TN,,,1,,1,,,,,,1,
108,agustus transaksi bifast bank mandiri tembus juta transaksi tumbuh capai yoy transaksi qris kalah terus tumbuh signifikan,Netral,Netral,TN,TP,TN,,,1,,1,,,,,,1,
109,bi jabar sosialisasi qris digitalisasi bayar,Netral,Netral,TN,TP,TN,,,1,,1,,,,,,1,
110,sobat libur singapura bingung nukar rupiah brimo transaksi langsung rumit fitur qris brimo scan qris tanda nets payment otomatis konfirmasi transaksi mudah serba,Positif,Positif,TP,TN,TN,1,,,,,,1,,,,1,
111,bayar qris tunai mas,Netral,Netral,TN,TP,TN,,,1,,1,,,,,,1,
112,wta bayar qris kayak,Netral,Netral,TN,TP,TN,,,1,,1,,,,,,1,
113,line bank nonton cashback minimal transaksi qris nobu laku desember way nontonya cepol tulisanya tau isa cgv xi,Netral,Netral,TN,TP,TN,,,1,,1,,,,,,1,
114,lucu banget nenek bayar qris,Negatif,Positif,FP,TN,FN,,1,,,,,1,,,,,1
115,pola gacor deposit rp layan jam transaksi cepat praktis qris bonus event hari,Netral,Netral,TN,TP,TN,,,1,,1,,,,,,1,
116,bayar qris tibatiba jaring jelek langsung panik,Negatif,Negatif,TN,TN,TP,,,1,,,,1,,1,,,
117,kaumkaum kepedean kayak mah transaksi qris seabank like balas qris seabank sebanyakbanyaknya dapat untung,Netral,Netral,TN,TP,TN,,,1,,1,,,,,,1,
118,wow transaksi qris tagih,Netral,Positif,FP,FN,TN,,1,,,,,,1,,,1,
119,fitur scan qr code indonesia btnd qris qucik respons indonesia standard resethapus perangkat menu ting cek langsung status adu aplikasi paytren menu bantu informasi daftar cek link dibio,Netral,Netral,TN,TP,TN,,,1,,1,,,,,,1,
120,bayar dindomaret klik de qris de bayar,Netral,Netral,TN,TP,TN,,,1,,1,,,,,,1,
121,lapor modal bukti transaksi qris inget nomor lambung chat layan langgan barang keren,Positif,Negatif,FN,TN,FP,,,,1,,,1,,,1,,
122,bayar qris cicil transaksi hasil masuk notif dana refund bayar toko masuk limit cicil transaksi gagal mohon bantuanya,Netral,Negatif,TN,FN,FP,,,1,,,,,1,,1,,
123,mas wali sharing pas libur kemarin bst st balap kartu bayar tauny kayak djkt sopir memghimbau emoneyqris alih transport daring,Netral,Netral,TN,TP,TN,,,1,,1,,,,,,1,
124,minimal qris bisnis error kah transaksi jam masuk,Negatif,Negatif,TN,TN,TP,,,1,,,,1,,1,,,
125,barcode qris tf penuhin transaksi uang kembali,Netral,Netral,TN,TP,TN,,,1,,1,,,,,,1,
126,linkaja indonesia sobat linkaja wishlist gaji juli ayo linkaja atur uang gaji bayar qris bayar listrik bayar ecomerce beli pulsa hinga topup kartu uang elektronik mudah linkaja,Netral,Netral,TN,TP,TN,,,1,,1,,,,,,1,
127,kantin hobi jenenge lesu cari menu sanseng pangan iki maem soto warung soto tok seng iso bayar mbek qris,Negatif,Negatif,TN,TN,TP,,,1,,,,1,,1,,,
128,anime shopepay qris,Netral,Netral,TN,TP,TN,,,1,,1,,,,,,1,
129,scan toko qris,Netral,Netral,TN,TP,TN,,,1,,1,,,,,,1,
130,bank indonesia bi putus bebas tarif qris transaksi rp ribu transaksi rp ribu bi menentapkan besar tarif mdr,Netral,Netral,TN,TP,TN,,,1,,1,,,,,,1,
131,bayar starbucks card debit qris,Netral,Netral,TN,TP,TN,,,1,,1,,,,,,1,
132,jual nokos tele bayar qris,Netral,Netral,TN,TP,TN,,,1,,1,,,,,,1,
133,januari mata qris bayar inovatif terap paham mengunakanya cek buka aplikasi bayar scan qrisperhatikan nama merchant isi nominalbayar pasti nama merchant,Netral,Negatif,TN,FN,FP,,,1,,,,,1,,1,,
134,selamat siang lokasi transaksi milik data transaksi laku bank partner thailand integrasi jaring qris bank cimb thai beli bangkok bank bay bank ayudhya krungthai bank maura,Netral,Netral,TN,TP,TN,,,1,,1,,,,,,1,
135,transaksi qris potong,Netral,Netral,TN,TP,TN,,,1,,1,,,,,,1,
136,trik qrisnya beli barang pegawai toko bayar istri qris qrisnya qris bisa mandiri oke mandiri mas printing qr code bayar,Netral,Netral,TN,TP,TN,,,1,,1,,,,,,1,
137,kurang qris kanal bayar bil dikit siasat simpan line debit card aplikasi bayar bil top ewalet manual isi rekening nohp,Netral,Netral,TN,TP,TN,,,1,,1,,,,,,1,
138,aad mohon maf ketidaknyamananya transaksi hasil batal transaksi mengunakan qris mohon sedia kece proses bayar,Netral,Netral,TN,TP,TN,,,1,,1,,,,,,1,
139,qris,Netral,Netral,TN,TP,TN,,,1,,1,,,,,,1,
140,sumpah sebel banget anjay bayar qris tahan,Negatif,Negatif,TN,TN,TP,,,1,,,,1,,1,,,
141,nya fulset sealed bayar qris,Netral,Netral,TN,TP,TN,,,1,,1,,,,,,1,
142,era digital bantu belanja transaksi qris praktis nyaman baca berita website favorit streaming film kirim pesan sahabat keluarga sanak saudara,Positif,Positif,TP,TN,TN,1,,,,,,1,,,,1,
143,iklan cerdas promosi bayar qris mengaet oma christine hakim referensi film familiar diperanin oma qristine hakim,Negatif,Netral,TN,FP,FN,,,1,,,1,,,,,,1
144,wta qris bayar uang tahan kayak dab langsung masuk makaci sfu,Netral,Negatif,TN,FN,FP,,,1,,,,,1,,1,,
145,cashier gantung persero batas qris bank arah persero batas nuruti orang mah kerja aplgi langgan gmw digit nomerny ketik sebel banget masalahny pos harus digit nomor kartu gmw sistemny transaksi,Netral,Netral,TN,TP,TN,,,1,,1,,,,,,1,
146,df transaksi pulsa lapak pulsa lapakn scan qris coba,Netral,Netral,TN,TP,TN,,,1,,1,,,,,,1,
147,permatamobile batas isi pulsa loh met quick respons qr bayar permatamobile scan qr code qris milik merchant bayar langsung rekening,Netral,Netral,TN,TP,TN,,,1,,1,,,,,,1,
148,wujud peran bi aktif dukung transformasi ekonomi uang digital kau coba qris lae,Netral,Netral,TN,TP,TN,,,1,,1,,,,,,1,
149,bi tetap tarif mdr transaksi mengunakan qris laku transaksi rp ribu,Netral,Netral,TN,TP,TN,,,1,,1,,,,,,1,
150,naek angkot jalan kaki pesan ojol transaksi daring qris,Netral,Positif,FP,FN,TN,,1,,,,,,1,,,1,
151,kemarin transaksi qris status pembayaranya tunda saldo potong,Netral,Netral,TN,TP,TN,,,1,,1,,,,,,1,
152,ajang foto led jajan makan minum takut lapar hahaha ayo langsung jajan lupa bayar scan qris octo mobile,Netral,Netral,TN,TP,TN,,,1,,1,,,,,,1,
153,minimal beli tiket metode pemabayaran qris unduh sana expired pesan ulang metode qris lupa save qr nya qr transaksi harga tiket,Netral,Netral,TN,TP,TN,,,1,,1,,,,,,1,
154,besok qris kakak,Netral,Netral,TN,TP,TN,,,1,,1,,,,,,1,
155,kakak transaksi qris dmna,Netral,Netral,TN,TP,TN,,,1,,1,,,,,,1,
156,orang ngedit qris lucu aplikasi,Negatif,Positif,FP,TN,FN,,1,,,,,1,,,,,1
157,ketingalan dompet transaksi mudah cepat cegah risiko tindak jahat sat bawa uang tunai cegah risiko edar uang palsu cegah risiko sebar nikmat ayo,Netral,Positif,FP,FN,TN,,1,,,,,,1,,,1,
158,mudah qris bank sampoerna cair realtime daftar sampoerna mobile merchant lumayan fre mdr transaksi bawah realtime,Netral,Netral,TN,TP,TN,,,1,,1,,,,,,1,
159,luncur qris pilih transaksi jual beli praktis bukti tingkat dagang merchant qris hinga capai juta februari,Positif,Netral,FN,FP,TN,,,,1,,1,,,,,1,
160,pased qris bi launch bulan mantap,Netral,Positif,FP,FN,TN,,1,,,,,,1,,,1,
161,qris cepat transaksi kayak masjid jamin depa aman kalauada persis beda huruf way kemarin scan bayar hasil potong bank,Netral,Netral,TN,TP,TN,,,1,,1,,,,,,1,
162,kopi bikin pria loyo link shope,Netral,Netral,TN,TP,TN,,,1,,1,,,,,,1,
163,phm keluh keluh transaksi qris sat tangan tim resolusi mohon tungu proses updatenya tim resolusi terima yr,Netral,Netral,TN,TP,TN,,,1,,1,,,,,,1,
164,maf kendala keluh kakak transaksi qris mimin tindaklanjuti infoin detail direct message,Netral,Netral,TN,TP,TN,,,1,,1,,,,,,1,
165,malas gerak kaum rebah bayar qris rumah,Netral,Negatif,TN,FN,FP,,,1,,,,,1,,1,,
166,wta tari qris,Netral,Netral,TN,TP,TN,,,1,,1,,,,,,1,
167,kawan prima sambut terap new normal perintah ayo manfatkan mudah bayar mengunakan qris bayar qr code metode contactles payment kurang sentuhankontak sat transaksi belanja qris praktis,Positif,Netral,FN,FP,TN,,,,1,,1,,,,,1,
168,qris usung semangat ungul universal gampang untung langsung tuju dorong efisiensi transaksi cepat inklusi uang maju umkm makna masingmasing semangat ungul usung,Netral,Positif,FP,FN,TN,,1,,,,,,1,,,1,
169,kasus mas sore transaksi qris pending status potong solusi mas,Netral,Netral,TN,TP,TN,,,1,,1,,,,,,1,
170,rekening bsi simpan nabung uang perlu transaksi seharihari butuh kampus bibit nabung uang dingin benar saving nabung uang hasil private seabank apsnya aps emoney qris,Netral,Negatif,TN,FN,FP,,,1,,,,,1,,1,,
171,tolong respons uang refund kirim kirim mesin error isi qris potong flaz tambah respons lambat,Negatif,Negatif,TN,TN,TP,,,1,,,,1,,1,,,
172,ketawa bayar teh qris,Positif,Negatif,FN,TN,FP,,,,1,,,1,,,1,,
173,hokben blu yagesya bilang bayar qris,Netral,Netral,TN,TP,TN,,,1,,1,,,,,,1,
174,senang hati mimin transaksi mengunakan metode qris engak point reward reward point laku transaksi daring ofline dip kartu mesin edc,Netral,Netral,TN,TP,TN,,,1,,1,,,,,,1,
175,bayar qris hasil detail transaksi wildest der rp note,Netral,Netral,TN,TP,TN,,,1,,1,,,,,,1,
176,peswn makan grab harga makan ribu total rebu diskon ongkos kirim bayar qris harga dinaikin doank biasa biaya syarat tentu laku,Positif,Netral,FN,FP,TN,,,,1,,1,,,,,1,
177,bayar qris debit mba bayar kasih transaksi digital kesal,Negatif,Negatif,TN,TN,TP,,,1,,,,1,,1,,,
178,gestun qris lihat transaksi masuk engaknya keri sedep akun bisnis gestun,Negatif,Negatif,TN,TN,TP,,,1,,,,1,,1,,,
179,pandemik halang donasi ayo sobat buat mudah mengunakan qris,Netral,Netral,TN,TP,TN,,,1,,1,,,,,,1,
180,kupon payment transaksi qria scan qris tf disko maksimal masuk qris cashback coins,Netral,Netral,TN,TP,TN,,,1,,1,,,,,,1,
181,sumpah kemarin suruh bayar tunai akhirny bayar receh bayar qris,Negatif,Negatif,TN,TN,TP,,,1,,,,1,,1,,,
182,beyb scan qris,Netral,Netral,TN,TP,TN,,,1,,1,,,,,,1,
183,bank indonesia revisi besar tarif bayar qris dagang skala mikro persen transaksi nol persen transaksi rp,Netral,Netral,TN,TP,TN,,,1,,1,,,,,,1,
184,warung bayar qris tolak bsisoalnya kemarin beli makan transaksi hasil masuk,Netral,Negatif,TN,FN,FP,,,1,,,,,1,,1,,
185,bayar pajak kota bogor aplikasiqris,Netral,Netral,TN,TP,TN,,,1,,1,,,,,,1,
186,transaksi hindar hit run wajib stock kirim format fix pesan nomor refund kecuali salah seler bayar mengunakan qris,Netral,Netral,TN,TP,TN,,,1,,1,,,,,,1,
187,top money stasiun palmerah nila ribu vending machine mengunakan qris aplikasi tulis transaksi hasil saldo masuk emoney bayarin orang qris biar cepat,Netral,Netral,TN,TP,TN,,,1,,1,,,,,,1,
188,transaksi bayar puskesmas kabupaten mojokerto qris,Netral,Netral,TN,TP,TN,,,1,,1,,,,,,1,
189,spesifik paywave nama proprietary teknologi mastercard nama paypas contactles arahanya qris transaksi mikro juta rupiah contactles verifikasi pin,Netral,Netral,TN,TP,TN,,,1,,1,,,,,,1,
190,netflix minguan bayar qris huehuehue,Netral,Netral,TN,TP,TN,,,1,,1,,,,,,1,
191,kamrusamad bank indonesia tangung judi daring qris,Netral,Netral,TN,TP,TN,,,1,,1,,,,,,1,
192,transaksi qris terima,Netral,Negatif,TN,FN,FP,,,1,,,,,1,,1,,
193,selamat siang bapakibu infromasi detail transaksi qris terima bayar cimb niaga akses link terima lucky,Netral,Netral,TN,TP,TN,,,1,,1,,,,,,1,
194,phm keluh top indomaret sat sedia transaksi bayar mengunakan scan qris indomaret terima pf,Netral,Netral,TN,TP,TN,,,1,,1,,,,,,1,
195,want sel kuota xl akrab sharing gb rewards gb sharing nya gb kuota gb lokal area gb harga al payment qris fastresp,Netral,Netral,TN,TP,TN,,,1,,1,,,,,,1,
196,qris,Netral,Netral,TN,TP,TN,,,1,,1,,,,,,1,
197,pre pesan merch bts monochrome harga tera foto bersih ina emscargo tac grup pesan testi spaylater scan qris jawa timur,Netral,Netral,TN,TP,TN,,,1,,1,,,,,,1,
198,ayo klok qris bayar,Netral,Netral,TN,TP,TN,,,1,,1,,,,,,1,
199,kemudi qris,Netral,Netral,TN,TP,TN,,,1,,1,,,,,,1,
200,beli tiket masuk ims surabaya danamon qris dbank pro diskon loh cek,Netral,Netral,TN,TP,TN,,,1,,1,,,,,,1,
201,sobat mohon maf kendala transaksi beli qris alami kece dinformasikan nomor lapor direct message,Netral,Netral,TN,TP,TN,,,1,,1,,,,,,1,
202,jajan pinjam uang mh ganti pas ambil uang beli bayar qris,Netral,Negatif,TN,FN,FP,,,1,,,,,1,,1,,
203,suka belanja modal ayo langsung bayar qris danamon,Netral,Netral,TN,TP,TN,,,1,,1,,,,,,1,
204,malmingan bingung ajak gebetan mana ayo nonton konser ims infinite live beli tiket bundle promo spesial diskon ims surabaya danamon qris dbank pro ribu ribu beli tiket spot tiket box,Netral,Positif,FP,FN,TN,,1,,,,,,1,,,1,
205,pengunan qris metode transaksi biaya bayar merchant tingkat manfat qris sehinga biaya merchant diskon rate mdr kena,Netral,Netral,TN,TP,TN,,,1,,1,,,,,,1,
206,asalamualaikum setyomohon maf ketidaknyamanan dialamiapabila kait promo cashback transaksi qris bayar mc donalds tangal oktober minimal rp terima konfirmasi hubung bsi cal,Netral,Netral,TN,TP,TN,,,1,,1,,,,,,1,
207,al qris acount emailpasword go gren masuk mtht pesan direct message,Netral,Netral,TN,TP,TN,,,1,,1,,,,,,1,
208,cv scan qris fast,Netral,Netral,TN,TP,TN,,,1,,1,,,,,,1,
209,gaji bunds ayo cek permatame promo coba topup scan qris df,Netral,Netral,TN,TP,TN,,,1,,1,,,,,,1,
210,suka bayar virgo sat belanja alfamidi ayo masuk kembali belanja alfamidi virgo kupon cashback nila total rp transaksi qris,Netral,Netral,TN,TP,TN,,,1,,1,,,,,,1,
211,sobat transaksi qr aplikasi brimo pilih menu qris sat tarik tunai kartu mengunakan aplikasi brimo mesin atm,Netral,Netral,TN,TP,TN,,,1,,1,,,,,,1,
212,jam transaksi top ribu riwayat nya lau transaksi qris toko hasil kurang riwayat,Netral,Negatif,TN,FN,FP,,,1,,,,,1,,1,,
213,informasi biaya laku merchant pemrosesan transaksi qris statis dinamis laku jenis merchant reguler usaha uke usaha tengah ume usaha ube kena biaya,Netral,Netral,TN,TP,TN,,,1,,1,,,,,,1,
214,benar beli bubur jagung abang sedia qris tunai dompet bayar stok uang koin nyebrang,Netral,Negatif,TN,FN,FP,,,1,,,,,1,,1,,
215,minimal akun transaksi qris aman,Negatif,Netral,TN,FP,FN,,,1,,,1,,,,,,1
216,iya sopir helpernya bayar qris dinamis ngeluarin tiket jugak pindah suroboyo bus,Positif,Netral,FN,FP,TN,,,,1,,1,,,,,1,
217,next udpate nya disembunyikanhilangkan sat bayar qris malue liat orang belakang,Negatif,Netral,TN,FP,FN,,,1,,,1,,,,,,1
218,mohon maf ketidaknyamananya rony nasabahpenguna qris transaksi proses setlement transaksi qris proses setlement proses,Netral,Netral,TN,TP,TN,,,1,,1,,,,,,1,
219,bangun nameles medal bayar qris,Netral,Netral,TN,TP,TN,,,1,,1,,,,,,1,
220,buka cuman hari jam wib qris kecuali transaksi nya jumat tarik dana senin jam wib,Netral,Netral,TN,TP,TN,,,1,,1,,,,,,1,
221,selamat sore leader qris lambang modern sistem bayar digital indonesia usah lokal indonesia qris sunguh karunia alah paytren tutorial scan qr,Netral,Netral,TN,TP,TN,,,1,,1,,,,,,1,
222,bi luncur qris penyelengara qr code indonesia hubung berkat qris transaksi digital indonesia simpel mobile enjoy belanja kartu tinggal scan beres,Netral,Netral,TN,TP,TN,,,1,,1,,,,,,1,
223,dagang kota gilir bawa pulang bantu gerobak partai perindo bahagia gerobak perindo lengkap sistem bayar qris sehinga transaksi mudah aman,Positif,Netral,FN,FP,TN,,,,1,,1,,,,,1,
224,transaksi qris alamat,Netral,Netral,TN,TP,TN,,,1,,1,,,,,,1,
225,langgan bayar bayar qris nya masuk rekening langgan potong notif transaksi hasil,Netral,Negatif,TN,FN,FP,,,1,,,,,1,,1,,
226,informasi tambah qris hati transaksi,Netral,Netral,TN,TP,TN,,,1,,1,,,,,,1,
227,brimo transaksi bayar takjil praktis fitur qris bayar zakat fitur donasi thr,Netral,Positif,FP,FN,TN,,1,,,,,,1,,,1,
228,qris bestie rangka dorong luas elektronifikasi transaksi pemda kabupaten purbalinga kpw bi purwokerto kolaborasi bakeuda hukum ekonomi pemkab purbalinga bank jawa pusat bank jawa cabang purbalinga,Netral,Netral,TN,TP,TN,,,1,,1,,,,,,1,
229,tuju bi luncur qr code standard indonesia qris idxchanel bank indonesia bi resmi luncur qr indonesia standard qris sistem bayar bas,Netral,Netral,TN,TP,TN,,,1,,1,,,,,,1,
230,dilewatin beli tiket bundle promo spesial diskon ims surabaya danamon qris dbank pro ribu ribu beli tiket spot tiket box hemat nonton langsung,Positif,Positif,TP,TN,TN,1,,,,,,1,,,,1,
231,tips bayar qris shopepay praktis aman pasti nama toko terima sesuai transaksi double cek kasir cek nominal bayar informasi lengkap geser kiri,Netral,Netral,TN,TP,TN,,,1,,1,,,,,,1,
232,transaksi aman qris bebasbayar bayar qris emoney linkaja emoney bank daftar klik,Netral,Netral,TN,TP,TN,,,1,,1,,,,,,1,
233,iya benar hemat neotizen belanja baju muslim bersih rumah laundry baju diskon hinga rp ribu bayar qris neobank ayo coba qris neobank,Netral,Netral,TN,TP,TN,,,1,,1,,,,,,1,
234,bayar transaksi qris gampang cashback tarik loh senin,Netral,Positif,FP,FN,TN,,1,,,,,,1,,,1,
235,qris static sulit merchant trace transaksi trace manual baca nomor trxnya qris dinamis mesin edc trx kartu debitc bijak terima qris beda provider kena charge,Netral,Negatif,TN,FN,FP,,,1,,,,,1,,1,,
236,dear livin transaksi kopi kenang cambridge medan mengunakan qris livin status nya tunda kurang kopi kenang terima uang nya mohon bantuanya,Netral,Netral,TN,TP,TN,,,1,,1,,,,,,1,
237,al qris acount emailpasword go gren masuk mtht random pesan direct message,Netral,Netral,TN,TP,TN,,,1,,1,,,,,,1,
238,coban bayar kartu debit gagal qris blu,Netral,Netral,TN,TP,TN,,,1,,1,,,,,,1,
239,sedia deposit qris payment bulantogel transaksi mudah qris payment scan barcode qris deposit langsung proses hitung detik,Netral,Netral,TN,TP,TN,,,1,,1,,,,,,1,
240,qris penghargan internasional kait fitur transaksi negara,Netral,Netral,TN,TP,TN,,,1,,1,,,,,,1,
241,sobatblu ngopi ayo spesial payday hemat beli minum favorit fore cofe tinggal bayar qris blu cashback juli,Netral,Netral,TN,TP,TN,,,1,,1,,,,,,1,
242,om simpel mudah rumit bayar qris daerah tinggal om medan,Netral,Positif,FP,FN,TN,,1,,,,,,1,,,1,
243,nes parkir park bayar tunai qris parkir mal nya terima,Netral,Netral,TN,TP,TN,,,1,,1,,,,,,1,
244,bayangin bayar tol qris kartu antre kayak mes kerja cepat ntahlah paham teknologi handphone solusi konon reader mesin tap cepat,Negatif,Netral,TN,FP,FN,,,1,,,1,,,,,,1
245,gelar isef box bi singung digitalisasi uang pasca pandemik covid gara pandemik transaksi uang mudah qris,Netral,Netral,TN,TP,TN,,,1,,1,,,,,,1,
246,pengunan zakat sedekah lazismu diy sedia fasilitas bayar mengunakan qris bayar scan barcode qris tulis nama lazismu diy perhati bayar,Netral,Netral,TN,TP,TN,,,1,,1,,,,,,1,
247,lapor transaksi qris sebit,Netral,Netral,TN,TP,TN,,,1,,1,,,,,,1,
248,qris minim transaksi mnding warung,Netral,Negatif,TN,FN,FP,,,1,,,,,1,,1,,
249,hinga september dagang mengunakan qris livin transaksi bayar evi martiani vice president vp bank mandiri area yogyakarta,Netral,Netral,TN,TP,TN,,,1,,1,,,,,,1,
250,likes cherished gabut banget bawain stock qr decoration bungkus prici available qris,Netral,Netral,TN,TP,TN,,,1,,1,,,,,,1,
251,kali tolak transaksi qris gerai,Netral,Netral,TN,TP,TN,,,1,,1,,,,,,1,
252,rasa bisa qris biar kecatet historynya habis transaksi mana nyocokin recapan bulan,Positif,Negatif,FN,TN,FP,,,,1,,,1,,,1,,
253,bismilah ayo lengkapin infaq qris sisa rp link doku shopepay yatim dhuafa muslim minoritas konfirmasi klik,Netral,Netral,TN,TP,TN,,,1,,1,,,,,,1,
254,zie nya,Netral,Netral,TN,TP,TN,,,1,,1,,,,,,1,
255,bluebird bayar qris gopayaja,Netral,Netral,TN,TP,TN,,,1,,1,,,,,,1,
256,kemarin bayar qris luv mecima nomor rumit,Negatif,Netral,TN,FP,FN,,,1,,,1,,,,,,1
257,buka senin close sebentar gagal transaksi gara qris,Netral,Negatif,TN,FN,FP,,,1,,,,,1,,1,,
258,tj kartu emoney lainlain kayak krl mrt gotransitnya gojek aplikasi mrt bayar tiket qris,Netral,Netral,TN,TP,TN,,,1,,1,,,,,,1,
259,kahitna konser ims infinite liveada diskon tiket bundle masuk ims surabaya bayar qris dbank pro beli tiket spot ges,Netral,Positif,FP,FN,TN,,1,,,,,,1,,,1,
260,transaksi qris papua tembus rp,Netral,Netral,TN,TP,TN,,,1,,1,,,,,,1,
261,indomaret bayar qris shope kah,Netral,Netral,TN,TP,TN,,,1,,1,,,,,,1,
262,maf kendala pengunan qris merchant sila kakak konfirmasi merchantnya merchantnya fitur bayar qris mobile banking menu qris moga informasi bantu terima yuna,Netral,Netral,TN,TP,TN,,,1,,1,,,,,,1,
263,sat set ora rumit fotokopi bayar qris nomor pungli,Negatif,Netral,TN,FP,FN,,,1,,,1,,,,,,1
264,hidup jakarta mal gede banget cashles brp tokorestoran terima cashles payment metode bayar qris langsung bayar,Positif,Positif,TP,TN,TN,1,,,,,,1,,,,1,
265,kuota periode program laku khusus transaksi saku qris merchant saku qris promo laku periode program mei terima tata,Netral,Netral,TN,TP,TN,,,1,,1,,,,,,1,
266,bayar parkir remaja jompo jarang banget pegang tunai butuh tukang parkir qris nya,Netral,Negatif,TN,FN,FP,,,1,,,,,1,,1,,
267,maf kendala keluh transaksi qris mobile banking kakak alami mimin cek terus unit kait kakak informasi detail direct message,Netral,Netral,TN,TP,TN,,,1,,1,,,,,,1,
268,tanggal nov transaksi bayar qris seabank scan kurang masuk rek toko tolong cek,Netral,Netral,TN,TP,TN,,,1,,1,,,,,,1,
269,oi cek turnitin fast respons bayar qris,Netral,Netral,TN,TP,TN,,,1,,1,,,,,,1,
270,bi banten sosialisasi qris cfd kota cilegon,Netral,Netral,TN,TP,TN,,,1,,1,,,,,,1,
271,jastag bayar qris aplikasi premium jam malam,Netral,Netral,TN,TP,TN,,,1,,1,,,,,,1,
272,motsku pinjam scan qris biar tarik uang langsung balikin,Netral,Netral,TN,TP,TN,,,1,,1,,,,,,1,
273,helo cashback dbank pro qris transaction agustus kuota program transaksi merchant transaksi masingmasing merchant lewat kuota oleh cashback terima euis,Netral,Netral,TN,TP,TN,,,1,,1,,,,,,1,
274,bayarbayar mah dbank pro aplikasi mobile banking lengkap banget fitur nya fitur qris topup ewalet gampang,Positif,Netral,FN,FP,TN,,,,1,,1,,,,,1,
275,upaya selaras inovasi aman transaksi bank indonesia salah satu edukasi literasi kait aman transaksi qris masyarakat pedagangmerchant,Netral,Netral,TN,TP,TN,,,1,,1,,,,,,1,
276,helo informasi fitur qris danamon sat transaksi negeri terima euis,Netral,Netral,TN,TP,TN,,,1,,1,,,,,,1,
277,belanja mudah transaksi kontak tangan nobu qris scan qr code kamera handphonemu qr code galeri handphonemu langsung bayar belanjanmu terima bayar aplikasi uang elektronik apa,Netral,Netral,TN,TP,TN,,,1,,1,,,,,,1,
278,ayo sedekah subuh pesantren rupiah bahagia adik santri scan kode qris mudah sedekah rekening donasi bsi peduli yatim,Netral,Netral,TN,TP,TN,,,1,,1,,,,,,1,
279,mantap bayar parkir qris,Positif,Positif,TP,TN,TN,1,,,,,,1,,,,1,
280,transaksi danamon qris dbank pro harga tiket konser ims infinite live concert ribu ribu,Netral,Netral,TN,TP,TN,,,1,,1,,,,,,1,
281,tehe event genshin neo soho bayar nya qris,Netral,Netral,TN,TP,TN,,,1,,1,,,,,,1,
282,bismilah ayo lengkap infaq subuh qris sisa rp link doku shopepay yatimduafa muslim minoritas konfirmasi klik,Netral,Netral,TN,TP,TN,,,1,,1,,,,,,1,
283,selamat sore eko dinfo keluh direct message kait kendala transaksi qris sat kembali lapor tutup terima carla,Netral,Netral,TN,TP,TN,,,1,,1,,,,,,1,
284,belanja daring shoping bayar qr bayar merchantoutletoko milik qr berbasisberlogo qris quick respons code indonesian standard inti bayar qr code mengunakan qr bayar,Netral,Netral,TN,TP,TN,,,1,,1,,,,,,1,
285,pesan butuh garansi percaya bayar qris fast respons orders klik,Netral,Netral,TN,TP,TN,,,1,,1,,,,,,1,
286,angkot bayar parkir motor habis makan mi ayam pede banget rebu caricari alhasil kang mi ayam uang tf qris,Netral,Negatif,TN,FN,FP,,,1,,,,,1,,1,,
287,ide boros bank mandiri bayar qris motong langsung kartu kredit,Negatif,Netral,TN,FP,FN,,,1,,,1,,,,,,1
288,sedia deposit qris payment bulantogel transaksi mudah qris payment scan barcode qris deposit langsung proses hitung detik,Netral,Netral,TN,TP,TN,,,1,,1,,,,,,1,
289,wta limit transaksi qris dab terima,Netral,Netral,TN,TP,TN,,,1,,1,,,,,,1,
290,sore sabtu bayar qris ganguan masuk terima,Negatif,Netral,TN,FP,FN,,,1,,,1,,,,,,1
291,cashbacknya benar habishabis tinggal beli paket qris unlimited aplikasi gojek harga rp loh transaksi qris hemat syarat tentu laku cek informasi lengkap,Netral,Netral,TN,TP,TN,,,1,,1,,,,,,1,
292,bank indonesia potong biaya transaksi qris belibm,Netral,Netral,TN,TP,TN,,,1,,1,,,,,,1,
293,saran bakso kampus qris rek uner bm banget,Netral,Netral,TN,TP,TN,,,1,,1,,,,,,1,
294,habis beli somay senayan pagi qris ngakak lihat struknya somay qris,Netral,Netral,TN,TP,TN,,,1,,1,,,,,,1,
295,wekend bingung mana pas banget ims infinite live lumayan ketu rizki febian beli tiket promo spesial diskon ims surabaya transaksi danamon qris dbank pro ribu ribu beli tiket nya spot tiket box,Netral,Positif,FP,FN,TN,,1,,,,,,1,,,1,
296,umkm qris brarti lapor keuanganya tata ayo aplikasi akuntansi peluang,Netral,Netral,TN,TP,TN,,,1,,1,,,,,,1,
297,dapat diskon ribu transaksi minimal ribu senin rabu promo laku maret tunai kartu debit qris,Netral,Netral,TN,TP,TN,,,1,,1,,,,,,1,
298,tunai king dibrp daerah non tunai gesek kena charge nilai transaksi suruh qris biar kena alam brp daerah,Netral,Netral,TN,TP,TN,,,1,,1,,,,,,1,
299,inovatif banget ajak halway space bikin heboh digital pasar kosambi livin pasar bikin transaksi enteng banget dagang enjoy qris livin merchant,Positif,Positif,TP,TN,TN,1,,,,,,1,,,,1,
300,wakil presiden armand hartono ceo vincent iswara cmo linkaja edward kili suwignyo sepakat hadir qris dalam penetrasi uang digital masyarakat lengkap,Netral,Netral,TN,TP,TN,,,1,,1,,,,,,1,
301,dapat pack bejo sujamer fre ongkos kirim harga scan barcode qris layar kaca program kontes kdi malam jam mnctv lupa siap gadgetmu,Netral,Netral,TN,TP,TN,,,1,,1,,,,,,1,
302,jackpot banget maen macem promo merchant bayar qris danamon cashback huhu ayo cek nya,Netral,Netral,TN,TP,TN,,,1,,1,,,,,,1,
303,covid transaksi qris meningkattajam,Netral,Netral,TN,TP,TN,,,1,,1,,,,,,1,
304,rizki febrian ims infinite live concert diskon tiket bundle masuk ims surabaya transaksi danamon qris dbank pro ribu ribu beli tiket ots tiket box ayo berangkat,Netral,Netral,TN,TP,TN,,,1,,1,,,,,,1,
305,informasi penguna shopepay transaksi mudah bayar qris shopepay jamin transaksi praktis hemat cashback jumbo loh informasi cek,Netral,Netral,TN,TP,TN,,,1,,1,,,,,,1,
306,minimal kemarin bayar tagih first media qris transaksi gagal coba cek mutasi debit kurang bayar alfamidi mohon bantu minimal,Netral,Negatif,TN,FN,FP,,,1,,,,,1,,1,,
307,transaksi qris papua tembus rp,Netral,Netral,TN,TP,TN,,,1,,1,,,,,,1,
308,loh hatrick case top kartu tol transaksi hasil nambah bayar qris mutasi rekening nongol dagang uang masuk bayar telpon pasca bayar debet,Negatif,Netral,TN,FP,FN,,,1,,,1,,,,,,1
309,belanja mudah transaksi kontak tangan nobu qris scan qr code kamera handphonemu qr code galeri handphonemu langsung bayar belanjanmu,Netral,Netral,TN,TP,TN,,,1,,1,,,,,,1,
310,foto ktp ifoa bayar qris,Netral,Netral,TN,TP,TN,,,1,,1,,,,,,1,
311,transaksi qris gagal sado kurang hari solusi,Netral,Negatif,TN,FN,FP,,,1,,,,,1,,1,,
312,qris scan asane,Netral,Netral,TN,TP,TN,,,1,,1,,,,,,1,
313,yaudahlah besok nonton bayar qris aja,Negatif,Netral,TN,FP,FN,,,1,,,1,,,,,,1
314,minimal transaksi qris mingu mei hinga jumat mei masuk rekening bukti transaksi kotak masuk qris bsi mobile hilang pie iki,Negatif,Netral,TN,FP,FN,,,1,,,1,,,,,,1
315,nilai transaksi quick respons indonesian standard qris tunjuk naik penguna tembus rp triliun,Netral,Netral,TN,TP,TN,,,1,,1,,,,,,1,
316,merchant qris,Netral,Netral,TN,TP,TN,,,1,,1,,,,,,1,
317,biar coba permata scan qris barcodr qris beda mohon tunjuk suhu pamer coba permata terima df,Netral,Netral,TN,TP,TN,,,1,,1,,,,,,1,
318,pilih oke enak tur iso bayar go qris,Positif,Positif,TP,TN,TN,1,,,,,,1,,,,1,
319,sobat terima antusias promo bank promo laku transaksi mengunakan kartu debit mastercard brimo sila nikmat promo mengunakan fitur qris brimo,Netral,Netral,TN,TP,TN,,,1,,1,,,,,,1,
320,kosongin drive zen clearance sale layout genshin hsr wuwa bawah mari jajan qris available direct message,Netral,Netral,TN,TP,TN,,,1,,1,,,,,,1,
321,al qris acount emailpasword go gren masuk mtht random pesan direct message,Netral,Netral,TN,TP,TN,,,1,,1,,,,,,1,
322,want sel kuota xl akrab sharing gb rewards gb kuota fix gb lokal area gb aktif harga sisa al payment qris fastresp,Netral,Netral,TN,TP,TN,,,1,,1,,,,,,1,
323,warga surabaya wajib banget tiket masuk ims surabaya bayar rupiah periode mei juni qris dbank pro pasti informasi lengkap,Netral,Netral,TN,TP,TN,,,1,,1,,,,,,1,
324,iya bilang qris bank bayar langsung,Netral,Netral,TN,TP,TN,,,1,,1,,,,,,1,
325,keren banget kahitna konser ims infinite live diskon loh tiket bundle masuk ims surabaya syarat gampang bayar qris dbank pro ribu ribu beli tiket spot tiket box ayo gaskeun gaes,Positif,Positif,TP,TN,TN,1,,,,,,1,,,,1,
326,im done kemarin cnya debit hh belanja uniqlo potong saldo transaksi qris temu horor,Negatif,Negatif,TN,TN,TP,,,1,,,,1,,1,,,
327,want sel lfb ina photocard bts armyzone festa rm jin jhope taehyung jungkok pict bersih est ems tax kpc claim direct message shopepay qris go line malang jawa timur pict cto,Netral,Netral,TN,TP,TN,,,1,,1,,,,,,1,
328,kaji opsi skema bagi beban biaya transaksi tetap mitra bukalapak mengunakan kode,Netral,Netral,TN,TP,TN,,,1,,1,,,,,,1,
329,kenal akun transaksi qris langgan joki kena tipu joki ml sbelum joki,Netral,Netral,TN,TP,TN,,,1,,1,,,,,,1,
330,mba newi,Netral,Netral,TN,TP,TN,,,1,,1,,,,,,1,
331,judi daring qris kamrusamad bank indonesia tangung,Netral,Netral,TN,TP,TN,,,1,,1,,,,,,1,
332,bank indonesia bi bebas tarif quick respons code indonesian standard qris transaksi rp ribu,Netral,Netral,TN,TP,TN,,,1,,1,,,,,,1,
333,ayo tukar poin powermu linkaja pakai beli pulsa bayar tagih hinga transaksi merchant qris cek informasi lengkap taut pede langgan layan linkaja live chat,Netral,Netral,TN,TP,TN,,,1,,1,,,,,,1,
334,df chatime harga normal milk tea reg scan qris,Netral,Netral,TN,TP,TN,,,1,,1,,,,,,1,
335,bayar halte tugas cashqrisgopay cuman halte tugas bayar kenek bus langsung,Netral,Netral,TN,TP,TN,,,1,,1,,,,,,1,
336,enga jogjasolo krlnya murah ngegrab promo grabhemat solo bst bayar qris,Positif,Positif,TP,TN,TN,1,,,,,,1,,,,1,
337,cari netflix hari bayar qris,Netral,Netral,TN,TP,TN,,,1,,1,,,,,,1,
338,ahaha numpang digital cardnya user dulunya transaksi jago qris debit card nya oke pakai fitur shared pocketnya cocok banget pasutri biar transparan,Positif,Positif,TP,TN,TN,1,,,,,,1,,,,1,
339,dorong implementasi qris ekosistem didik,Netral,Netral,TN,TP,TN,,,1,,1,,,,,,1,
340,maf bingung transaksi nya aplikasi mcd langsung store bayar scan qris,Netral,Netral,TN,TP,TN,,,1,,1,,,,,,1,
341,indomar qris bayar,Netral,Netral,TN,TP,TN,,,1,,1,,,,,,1,
342,emoney qris,Netral,Netral,TN,TP,TN,,,1,,1,,,,,,1,
343,qris merchantoko koneksi beli baju sadar dompet ketingalan pas bayar qris tolak,Negatif,Netral,TN,FP,FN,,,1,,,1,,,,,,1
344,rekening tuju transaksi bayar belanja scan qris mobile dmention twiter whatsap hubung aplikasi halobca hira,Netral,Netral,TN,TP,TN,,,1,,1,,,,,,1,
345,handphone qris,Netral,Netral,TN,TP,TN,,,1,,1,,,,,,1,
346,bukti bohong hati transaksi nominal qris,Negatif,Negatif,TN,TN,TP,,,1,,,,1,,1,,,
347,ketemu dagang bayar qris kena tambah rupiah gp bu mesti bayar tunai mulu,Netral,Netral,TN,TP,TN,,,1,,1,,,,,,1,
348,spo premium bayar qris balas cepat,Netral,Netral,TN,TP,TN,,,1,,1,,,,,,1,
349,transaksi nontunai mengunakan qris bantu umkm kelas ketua kadin,Netral,Netral,TN,TP,TN,,,1,,1,,,,,,1,
350,tambah diskon cf perfumery qris minimal transaksi idr jt hinga,Netral,Netral,TN,TP,TN,,,1,,1,,,,,,1,
351,kedu nna,Netral,Positif,FP,FN,TN,,1,,,,,,1,,,1,
352,minimal coba bayar qris gagal minimal uang minimal riwayat transaksi minimal sukses tepotong nya minimal,Netral,Netral,TN,TP,TN,,,1,,1,,,,,,1,
353,one time password langsung yu disney shar basic shar premium fulgar testi bery al walet qris,Netral,Netral,TN,TP,TN,,,1,,1,,,,,,1,
354,telkomsel bapuk sinyal bikin skck loading nya banget jajan qris error enak mbak nya antre,Negatif,Negatif,TN,TN,TP,,,1,,,,1,,1,,,
355,selamat sore mohon maf butuh detail transaksi bayar tera tangal kode rnnomor referensi bayar mengunakan qris kece bukti bayar,Netral,Netral,TN,TP,TN,,,1,,1,,,,,,1,
356,bonus hari member fyp minimal deposit id game deposit pulsa ewalet bank transaksi cepat praktis qris,Netral,Netral,TN,TP,TN,,,1,,1,,,,,,1,
357,gilir gabawa tunai beli bayar qris hadeh,Negatif,Negatif,TN,TN,TP,,,1,,,,1,,1,,,
358,coba scan qris nya indomaret scan barcode,Netral,Netral,TN,TP,TN,,,1,,1,,,,,,1,
359,minimal qris bank sblmnya transaksi masuk pelanganya potong lapor tindaklanjutnya ujung nya masuk,Netral,Negatif,TN,FN,FP,,,1,,,,,1,,1,,
360,qris jasa akun bisnis cv mudah korban transfer transfer akun bisnis mnya obviously korbanya pikir akun bisnis kerja mnya transfer,Positif,Negatif,FN,TN,FP,,,,1,,,1,,,1,,
361,buset rizki febrian cuy ims infinite live diskon tiket bundle masuk ims surabaya banvet transaksi danamon qris dbank pro ribu ribu beli tiket spot tiket box gas banget mah,Positif,Positif,TP,TN,TN,1,,,,,,1,,,,1,
362,kahitna rizky febian konser ims infinite live ayo nonton bareng teman diskon tiket bundle promo danamon qris dbank pro,Netral,Netral,TN,TP,TN,,,1,,1,,,,,,1,
363,benar transaksi mengunakan qris beban biaya merchant raka,Negatif,Negatif,TN,TN,TP,,,1,,,,1,,1,,,
364,god fod god mod diskon ribu jumat minimum transaksi rp juta qris mobilemybcasakuku kartu kredit card platinum everyday card jcb black union bayar lengkap,Netral,Netral,TN,TP,TN,,,1,,1,,,,,,1,
365,kota bogor bayar pajak qris,Netral,Netral,TN,TP,TN,,,1,,1,,,,,,1,
366,sobat kartu kredit milik corporate card cobranding card traveloka paylater kartu emas gadai btn gold btn paltinum tokopedia card jadi sumber transaksi qris brimo sila aktif,Netral,Netral,TN,TP,TN,,,1,,1,,,,,,1,
367,jarang bawa tunai mana makan tinggal bayar qris untung dbank pro mobile fitur nya beli token listriktopup ewalet buka reksadana,Netral,Netral,TN,TP,TN,,,1,,1,,,,,,1,
368,ayo hidup cashles qris quick respons code indonesian standard transaksi mudah mengunakan aplikasi spin smart payment indonesia bayar digital lai beli produk langsung iklan tv,Netral,Positif,FP,FN,TN,,1,,,,,,1,,,1,
369,bi blokir qris indikasi transaksi judi daring,Netral,Netral,TN,TP,TN,,,1,,1,,,,,,1,
370,qris diskon minimal bayar pajak lumayan banget,Netral,Positif,FP,FN,TN,,1,,,,,,1,,,1,
371,januari bayar qr code indonesia wajib mengunakan qris,Netral,Netral,TN,TP,TN,,,1,,1,,,,,,1,
372,qris nila jt merchant konfirmasi masuk terpotongdi mutasi hasil notifikasi status transaksi minimal solusi uang jt,Negatif,Netral,TN,FP,FN,,,1,,,1,,,,,,1
373,qris edc atm transaksi aman,Netral,Netral,TN,TP,TN,,,1,,1,,,,,,1,
374,kakak berat transaksi bayar qris,Netral,Negatif,TN,FN,FP,,,1,,,,,1,,1,,
375,kere nderku prokes viral kemarin hadir cashback ayo langsung kunjung merchant favorit laku transaksi mengunakan qris seabank,Positif,Netral,FN,FP,TN,,,,1,,1,,,,,1,
376,dpr bi evaluasi qris transaksi judi daring,Netral,Netral,TN,TP,TN,,,1,,1,,,,,,1,
377,transaksi qris periode libur lebaran topang utama naik asal transaksi merchant,Netral,Netral,TN,TP,TN,,,1,,1,,,,,,1,
378,kecangihan teknologi inovasi mudah transaksi rasa imam darto siar radio komedian aktor tulis skenario presenter bagi cerita qris bikin bayar praktis sat bayar zakat,Positif,Positif,TP,TN,TN,1,,,,,,1,,,,1,
379,asalamualaikum sahabat mandiri syariah bayar mudah banget tinggal scan qris mandiri syariah bayar mudah insyaalah,Positif,Netral,FN,FP,TN,,,,1,,1,,,,,1,
380,kabar penguna akun januari merchant sistem qris,Netral,Netral,TN,TP,TN,,,1,,1,,,,,,1,
381,topup shopepay mobile banking bayar qris bisa bayar shopepay situ gedeg topup lebih nol bangsat bayar oke sial nglirik njawab asu,Negatif,Netral,TN,FP,FN,,,1,,,1,,,,,,1
382,transaksi mudah qris kb bukopin kb bukopin baik banget,Positif,Positif,TP,TN,TN,1,,,,,,1,,,,1,
383,cushion bayar qris,Netral,Netral,TN,TP,TN,,,1,,1,,,,,,1,
384,banget alas transaksi qris unggul tunggu transaksi qris finpay money,Netral,Netral,TN,TP,TN,,,1,,1,,,,,,1,
385,konsep bayar bayar oake qris gimane niat bayar tunai qris mending bayar bayar pusing pusing astagfirulah,Negatif,Negatif,TN,TN,TP,,,1,,,,1,,1,,,
386,habis transaksi qris kurang merchant masuk sangkut mana uang,Negatif,Negatif,TN,TN,TP,,,1,,,,1,,1,,,
387,qris seabank cashback rp seasonal tastes oktober desember minimal transaksi rp,Netral,Netral,TN,TP,TN,,,1,,1,,,,,,1,
388,qris request timed nya gas transaksi nyangkut pulang takut bayar dobel,Netral,Negatif,TN,FN,FP,,,1,,,,,1,,1,,
389,enak wory kendala koneksi hambat proses transaksi kayak qris andal konektivitasjaringan internet,Positif,Positif,TP,TN,TN,1,,,,,,1,,,,1,
390,suruh trf qris least nomor biar cek getcont kena scam grgr tolol beter transaksi ful syopi splitpay risky tbh cek testimoni blio search usn lupa,Negatif,Negatif,TN,TN,TP,,,1,,,,1,,1,,,
391,nominal ikhlas uang bayar lu nya transaksi qris transaksi gara transaksi mesin lu error mobile banking hasil tipu lu,Negatif,Negatif,TN,TN,TP,,,1,,,,1,,1,,,
392,spotify akun ned fast bayar qrisbni,Netral,Netral,TN,TP,TN,,,1,,1,,,,,,1,
393,transaksi daring gampang tinggal scan qris brimo bayar virtual credit card,Netral,Positif,FP,FN,TN,,1,,,,,,1,,,1,
394,ayo cari bom bonus tiktok minimal deposit id game tiktok deposit pulsa ewalet bank transaksi cepat praktis qris,Netral,Netral,TN,TP,TN,,,1,,1,,,,,,1,
395,btul qris handphone nya lambat bikin banget alam minimarket orang bayar qris parah banget suka kasir suka debit qris sinyal jelek rekomendasi,Negatif,Negatif,TN,TN,TP,,,1,,,,1,,1,,,
396,sapa joki poster komik dakwah ramadhan mati bayar qris,Netral,Netral,TN,TP,TN,,,1,,1,,,,,,1,
397,bayar payment kai drtdi bayar kayak ganti qrisaku fe,Netral,Netral,TN,TP,TN,,,1,,1,,,,,,1,
398,syarat tentu periode promo agustus transaksiuserhari promo laku transaksi mengunakan qris btn mobile promo gabung program promo,Netral,Netral,TN,TP,TN,,,1,,1,,,,,,1,
399,kayak salah kompetisi nasional vote qris kayak paytowin,Netral,Netral,TN,TP,TN,,,1,,1,,,,,,1,
400,isi adir eziokwu,Netral,Netral,TN,TP,TN,,,1,,1,,,,,,1,
401,diy qris,Netral,Netral,TN,TP,TN,,,1,,1,,,,,,1,
402,karya buka komis bayar qris lihat,Netral,Netral,TN,TP,TN,,,1,,1,,,,,,1,
403,aneh apa qris seler nyabuyer bayar qris bankewalet mana pertanyan relevan,Negatif,Negatif,TN,TN,TP,,,1,,,,1,,1,,,
404,bayar qris,Netral,Netral,TN,TP,TN,,,1,,1,,,,,,1,
405,lupa jajan hokben gin ribu cashbavk ribu bayar qris blu,Netral,Netral,TN,TP,TN,,,1,,1,,,,,,1,
406,xi beli tiket deluxe gratis tiket qris tmrw sabtu mingu laku beli langsung laku transaksinasabahari laku kelipat split bil laku bioskop deluxe laku imax premiere,Netral,Netral,TN,TP,TN,,,1,,1,,,,,,1,
407,ungar kudu banyak transaksi qris,Netral,Netral,TN,TP,TN,,,1,,1,,,,,,1,
408,want sel kuota xl akrab sharing gb rewards gb kuota fix gb lokal area gb aktif harga sisa al payment qris fastresp,Netral,Netral,TN,TP,TN,,,1,,1,,,,,,1,
409,pasar tradisional makasar mengunakan transaksi digital qris,Netral,Netral,TN,TP,TN,,,1,,1,,,,,,1,
410,jual makan qris mami,Negatif,Netral,TN,FP,FN,,,1,,,1,,,,,,1
411,mgetwit gara transaksi dobel make qris hadeh niat direct message akun bank scrol mana besok puas buka twiter nya,Negatif,Netral,TN,FP,FN,,,1,,,1,,,,,,1
412,selamat siang febriawan mandiri kartu kredit transaksi qris aplikasi livin mandiri,Netral,Netral,TN,TP,TN,,,1,,1,,,,,,1,
413,gokil transaksi qris roket periode libur lebaran,Netral,Positif,FP,FN,TN,,1,,,,,,1,,,1,
414,mbak taylor belanja bayar qris kasir nunjukin bukti hasil transaksi layar handphone foto catat manual,Netral,Netral,TN,TP,TN,,,1,,1,,,,,,1,
415,hah bayar tunai rumit kemanamana bawa handphone payment belanjan gampang qris nya alo bank tipe cashles mana pegang tunai ayo komen bawah,Positif,Netral,FN,FP,TN,,,,1,,1,,,,,1,
416,wta qris shope partner potong narik duit jam,Netral,Netral,TN,TP,TN,,,1,,1,,,,,,1,
417,alfa indo sekitar bayar qris bisa shope kala malas top,Netral,Negatif,TN,FN,FP,,,1,,,,,1,,1,,
418,tolong signal xl mal park semarang dikuatin transaksi qris susah terima xl,Netral,Negatif,TN,FN,FP,,,1,,,,,1,,1,,
419,ims infinite live concert planing lihat mobil ims surabaya diskon tiket bundle masuk ims surabaya transaksi danamon qris dbank pro ribu ribu beli tiket spot tiket box,Netral,Positif,FP,FN,TN,,1,,,,,,1,,,1,
420,mba charge langgan bayar qris debet cardc fe nya dagang tangung,Netral,Netral,TN,TP,TN,,,1,,1,,,,,,1,
421,promo cashback cashback dimanamana cashback bayar qris ketingalan jaman ketingalan promo nya promo qris unlimited aktifin promo nya rp terusterusan,Positif,Positif,TP,TN,TN,1,,,,,,1,,,,1,
422,wetv premium paynya qrispay drop plnya,Netral,Netral,TN,TP,TN,,,1,,1,,,,,,1,
423,bayar qris tinggal scan aplikasi mandiri livin rumit praktis langsung kelar gampang banget baik mandiri,Positif,Positif,TP,TN,TN,1,,,,,,1,,,,1,
424,al qris acount emailpasword go gren masuk mtht random pesan direct message,Netral,Netral,TN,TP,TN,,,1,,1,,,,,,1,
425,atm mobile banking qris produk karyawan pilih kenya stop transaksi riba ambil keuntunganya produk,Negatif,Netral,TN,FP,FN,,,1,,,1,,,,,,1
426,mah iya qris seabank au lihat entar,Negatif,Netral,TN,FP,FN,,,1,,,1,,,,,,1
427,transaksi qris cros border singapura,Netral,Netral,TN,TP,TN,,,1,,1,,,,,,1,
428,ingat hobi jajan cek nama merchant qris sesuai tuju transaksi profil usaha merchant biar transaksi nyaman ayo cek tips aman qris,Netral,Netral,TN,TP,TN,,,1,,1,,,,,,1,
429,hehehehehe mbakwa owhat hapened dj khaled,Positif,Netral,FN,FP,TN,,,,1,,1,,,,,1,
430,menit sender cary yel venti kokomi ei party andal lawan apep lai detailed report chat folder gdrive isi kait avail qris handled ac lots love,Netral,Netral,TN,TP,TN,,,1,,1,,,,,,1,
431,pagi kamis mingu kemarin transaksi shopepay bayar qris shope bayar debet jual masuk konfirmasi bayar mengunakan qris shopepay debet,Netral,Netral,TN,TP,TN,,,1,,1,,,,,,1,
432,chi,Netral,Netral,TN,TP,TN,,,1,,1,,,,,,1,
433,terima ewalet sedia bayar qris,Netral,Netral,TN,TP,TN,,,1,,1,,,,,,1,
434,mudah laku transaksi bisnis bjb qris bank bjb beli senang menang untung mudah bjb qris merchant ayo laku registrasi bjb qris merchant kantor cabang bank bjb dekat kota,Netral,Netral,TN,TP,TN,,,1,,1,,,,,,1,
435,gokil transaksi qris roket periode libur lebaran,Positif,Positif,TP,TN,TN,1,,,,,,1,,,,1,
436,transaksi malaysia bayar qris hariini,Netral,Netral,TN,TP,TN,,,1,,1,,,,,,1,
437,jiah hahaha biaya top rp bank sebal kau pikir kau untung bank aplikasi nya fitur bayar qris,Negatif,Netral,TN,FP,FN,,,1,,,1,,,,,,1
438,asosiasi perbanas juta penguna qris optimal transaksi digital,Netral,Positif,FP,FN,TN,,1,,,,,,1,,,1,
439,owambe,Netral,Netral,TN,TP,TN,,,1,,1,,,,,,1,
440,livin fitur rekap transaksi tahun syok nominal payment qris biler dk mean,Negatif,Netral,TN,FP,FN,,,1,,,1,,,,,,1
441,pasar anyar ajak beli qris sat transaksi,Netral,Netral,TN,TP,TN,,,1,,1,,,,,,1,
442,al qris acount emailpasword go gren masuk mtht random pesan direct message,Netral,Netral,TN,TP,TN,,,1,,1,,,,,,1,
443,qris mandiri coba max coba untung untung masuk,Netral,Positif,FP,FN,TN,,1,,,,,,1,,,1,
444,ayo sedekah subuh pesantren rupiah bahagia adik santri scan kode qris mudah sedekah rekening donasi bsi peduli yatim,Netral,Netral,TN,TP,TN,,,1,,1,,,,,,1,
445,simpel sop turnitin nomor repository file nomor repository proses tunggu menit buka admin tidur cek bayar bebas halaman non filter bayar shopepay linkaja qris seabank,Netral,Netral,TN,TP,TN,,,1,,1,,,,,,1,
446,wilayah kahitna konser ims infinite live diskon tiket bundle masuk ims surabaya bayar qris dbank pro ribu ribu beli tiket spot tiket box traktir teman alau bareng,Positif,Positif,TP,TN,TN,1,,,,,,1,,,,1,
447,ratus qris acount emailpasword go gren masuk mtht random pesan direct message,Netral,Netral,TN,TP,TN,,,1,,1,,,,,,1,
448,malam transaksi qris merchant payment masuk jenius potong pas telpon layan langgan pemeliharan sistem pemeliharan sistem aps akses,Negatif,Negatif,TN,TN,TP,,,1,,,,1,,1,,,
449,bayar non tunai kian mudah tukang bakso hinga turis qris,Netral,Netral,TN,TP,TN,,,1,,1,,,,,,1,
450,malam transaksi qrisdebit merchant lampu merah margo mati chaotic night,Negatif,Netral,TN,FP,FN,,,1,,,1,,,,,,1
451,sobiz indibizpay aplikasi usaha milik fitur bayar qris gratis integrasi bank indonesia top tagih tambah hasil kasir catat transaksi jual toko,Netral,Netral,TN,TP,TN,,,1,,1,,,,,,1,
452,transaksi qris living mandiri may piza hut disc kopi kenang diskon masuk komplain piza hut suruh hubung mandiri kerja fu,Netral,Positif,FP,FN,TN,,1,,,,,,1,,,1,
453,indonesia transaksi qris negara,Netral,Netral,TN,TP,TN,,,1,,1,,,,,,1,
454,tawarin netflix hari bayar neobankqris tambah biaya,Netral,Netral,TN,TP,TN,,,1,,1,,,,,,1,
455,senang hati informasi bapakibu langgan bayar mengunakan contactlesqris negeri negara singapura biaya tambah transaksi tksjavi,Netral,Positif,FP,FN,TN,,1,,,,,,1,,,1,
456,qris nempelin qr pas bayar qris suka tolak,Negatif,Positif,FP,TN,FN,,1,,,,,1,,,,,1
457,belanja perak qris hah hoh hah hoh bayar handphone lambat scan cr code,Negatif,Negatif,TN,TN,TP,,,1,,,,1,,1,,,
458,inovasi dishub bayar parkir tanjungpinang mudah qris,Netral,Netral,TN,TP,TN,,,1,,1,,,,,,1,
459,tujuanya tuju giat lomba asah skil kreativitas kampanye pengunan transaksi digital aman rumit qris,Netral,Positif,FP,FN,TN,,1,,,,,,1,,,1,
460,ned canva bayar qris,Netral,Netral,TN,TP,TN,,,1,,1,,,,,,1,
461,minimal coba jajan qris grab tulisanya kode valid qrisnya pakai transaksi grab bike,Negatif,Netral,TN,FP,FN,,,1,,,1,,,,,,1
462,cuci uang gampang banget benar jasa convert qris hasil tipu scan qris cair uang bersih,Positif,Negatif,FN,TN,FP,,,,1,,,1,,,1,,
463,ragu ragu buy sushi hero nipah mal bayar qris samsek bawa tunai way hero makan ichiban bayar qris ragu ragu fine bayar qris hero kayak,Negatif,Netral,TN,FP,FN,,,1,,,1,,,,,,1
464,sederat manfat transaksi non tunai qris pontianak kalimantan barat mudah praktis,Netral,Positif,FP,FN,TN,,1,,,,,,1,,,1,
465,real situation surabaya transport bayar tap kartu qris masuk langsung tap kartu bayar qris orang sat bis jalan nungu payment hambat sinyal diri pintu bis duduk manis kursi,Netral,Negatif,TN,FN,FP,,,1,,,,,1,,1,,
466,sila beli mesin kasir outlet cgv pilih qris metode bayar scan qris mengunakan aplikasi blu pasti kode kupon blucgvqris pasang halaman konfirmasi lanjut bayar,Netral,Netral,TN,TP,TN,,,1,,1,,,,,,1,
467,gaji syukur tabung syukur bagi bagi kukang banget scanupload qris ewalet,Netral,Positif,FP,FN,TN,,1,,,,,,1,,,1,
468,merchant ciamis ngenain charge rp bayar qris,Netral,Netral,TN,TP,TN,,,1,,1,,,,,,1,
469,jujur sender tremor salah orang qris lacak jujur lupa qris cari transaksi nama bantuin tolong,Negatif,Negatif,TN,TN,TP,,,1,,,,1,,1,,,
470,bayar qris brimo minimal ribu cashback poin,Netral,Netral,TN,TP,TN,,,1,,1,,,,,,1,
471,tiket kahitna promo danamon qris,Netral,Netral,TN,TP,TN,,,1,,1,,,,,,1,
472,pemberitahuan transaksi beli mengunakan qris biaya tambah rp potong otomatis sistem bank ewalet ubah terima,Netral,Netral,TN,TP,TN,,,1,,1,,,,,,1,
473,pergi bawa handphone enak bayar qris bingung anak cashles bunda,Negatif,Negatif,TN,TN,TP,,,1,,,,1,,1,,,
474,untung fitur qris aplikasi adiraku tinggal scan barcode langsung bayar transaksi cepat mudah ayo langsung unduh registrasi aplikasi adiraku,Netral,Netral,TN,TP,TN,,,1,,1,,,,,,1,
475,asalamualaikum bmers zaman cangih mudah transaksi usaha syariah payment praktis aman fleksibel ayo gabung mitra qris muamalat biar pelang bayar gampang ngutang,Netral,Netral,TN,TP,TN,,,1,,1,,,,,,1,
476,anya adir boys,Netral,Netral,TN,TP,TN,,,1,,1,,,,,,1,
477,bayar akun sabru masuk akun simobi bayar scan qris,Netral,Netral,TN,TP,TN,,,1,,1,,,,,,1,
478,qris kau yok,Netral,Netral,TN,TP,TN,,,1,,1,,,,,,1,
479,lihat ims surabaya cashback transaksi danamon qris dbank pro loh gilak ngedate ayang,Netral,Netral,TN,TP,TN,,,1,,1,,,,,,1,
480,bi bebas tarif qris transaksi rp ribu,Netral,Netral,TN,TP,TN,,,1,,1,,,,,,1,
481,xi transaksi qris beli makan rp double payment tambah tunai rp layan langgan qris gagal bank kait transaksi hasil refund jam nomor refund,Netral,Netral,TN,TP,TN,,,1,,1,,,,,,1,
482,sesal dikit kemarin bayar debit qris,Negatif,Negatif,TN,TN,TP,,,1,,,,1,,1,,,
483,rilis original server skin kaja inferno taskmaster skin hylos digie bayar qris harga baik open reseler website layan langgan,Netral,Netral,TN,TP,TN,,,1,,1,,,,,,1,
484,ada ngescan qris transaksi jam direct message,Netral,Netral,TN,TP,TN,,,1,,1,,,,,,1,
485,data,Netral,Netral,TN,TP,TN,,,1,,1,,,,,,1,
486,khawatir laper ims surabaya danamon transaksi sana cashback qris dbank pro,Netral,Netral,TN,TP,TN,,,1,,1,,,,,,1,
487,perban implementasi qris,Netral,Netral,TN,TP,TN,,,1,,1,,,,,,1,
488,kosong qris al ac emailpasword go gren masuk mtht pesan direct message,Netral,Netral,TN,TP,TN,,,1,,1,,,,,,1,
489,pelaksanan pekan qris nasional wisata belanja kalimantan timur samarinda mana unjung wajib scan rp kupon undi hadiah potong harga rp total transaksi qris bankaltimtara taping,Netral,Netral,TN,TP,TN,,,1,,1,,,,,,1,
490,minimal kemarin langgan transaksi mengunakan qris notif customer nya mengunakan ewalet hasil cek aplikasi go biz masuk,Negatif,Netral,TN,FP,FN,,,1,,,1,,,,,,1
491,cerita dikit kayak tanggal maret jajan abang pingir jalan total belanja malas gerak uang tunai bayar qris maret acara bareng jawat rs cek mobile banking transaksi apa,Netral,Negatif,TN,FN,FP,,,1,,,,,1,,1,,
492,spotify premium cuyh bayar qris,Netral,Netral,TN,TP,TN,,,1,,1,,,,,,1,
493,pengunanan qris jconect merchant transaksi capai rp triliun penguna jconect mobil capai user transaksi rp triliun,Netral,Netral,TN,TP,TN,,,1,,1,,,,,,1,
494,ratus al qris ac emailpasword go gren masuk mtht random pesan direct message,Netral,Netral,TN,TP,TN,,,1,,1,,,,,,1,
495,tyson phm keluh keluh transaksi qris sila tungu informasi direct message terima pf,Netral,Netral,TN,TP,TN,,,1,,1,,,,,,1,
496,bayar qris outlet bilang staf nya qris takut transaksi nya pendingagal refund nya minguan finance nya hahahaha engak mbak finance nya,Netral,Netral,TN,TP,TN,,,1,,1,,,,,,1,
497,sedekah subuh ayo lewat keberkahanya rupiah butuh adek santri scan qris nya rek zakat infaqshodaqoh yayasan darul marifah hidayatulah bsi,Netral,Netral,TN,TP,TN,,,1,,1,,,,,,1,
498,ja share qris mudah transaksi gengaman ponsel,Netral,Netral,TN,TP,TN,,,1,,1,,,,,,1,
499,nasabah hilang uang rp juta transaksi qris fraud salah sistem,Netral,Netral,TN,TP,TN,,,1,,1,,,,,,1,
500,yha nya pesan qris tf bank,Netral,Netral,TN,TP,TN,,,1,,1,,,,,,1,
501,nganter anak bawa ribu isi bensin belah jual buah banget iseng jual qris pesan kang buah keren banget kembang mudah transaksi,Positif,Positif,TP,TN,TN,1,,,,,,1,,,,1,
502,brimo transaksi bayar takjil praktis fitur qris bayar zakat fitur donasi thr,Netral,Positif,FP,FN,TN,,1,,,,,,1,,,1,
503,sobat shope ayo nanti shopepay gaji seru nikmat ekstra untung total ribu bayar qris top games spaylater bank cashback ribu cek informasi,Netral,Netral,TN,TP,TN,,,1,,1,,,,,,1,
504,df lihat barcode qris kode bayar lila sociola shopepay bayar webnya close terima,Netral,Netral,TN,TP,TN,,,1,,1,,,,,,1,
505,transaksi qris lesat persen april,Netral,Netral,TN,TP,TN,,,1,,1,,,,,,1,
506,bayar qris seabank beli kopi kenang promo cashback ribu loh promo laku juni gerai ofline kopi kenang ayo balas untung,Positif,Positif,TP,TN,TN,1,,,,,,1,,,,1,
507,oiya transaksi qris instagram mention tg aplikasi qris pas jajan langsung scan qris cepat banget flownya,Netral,Negatif,TN,FN,FP,,,1,,,,,1,,1,,
508,hubung contact tindak informasi lapor transaksi qris proses maksimal kerja lapor,Netral,Netral,TN,TP,TN,,,1,,1,,,,,,1,
509,qris underage tf tfan fp bayar minimarket sj,Netral,Netral,TN,TP,TN,,,1,,1,,,,,,1,
510,asalamualaikum bmers kepraktisanya oknumoknum bertangung sat transaksi qris hindar jadi harap ayo pasang muamalat merchant aplikasi jual,Netral,Netral,TN,TP,TN,,,1,,1,,,,,,1,
511,untung transaksi mengunakan qris mudah kode qr terima bayar merchant beda,Positif,Positif,TP,TN,TN,1,,,,,,1,,,,1,
512,gampang bayar qris kartu kredit brimo inovasi hadir layan transaksi bayar qris pakai kartu kredit aplikasi aps brimo,Netral,Netral,TN,TP,TN,,,1,,1,,,,,,1,
513,era digital sat quick respons code indonesian standard qris metode bayar populer indonesia qris transaksi nontunai cepat mudah aplikasi dompet digital mesin kasir,Netral,Netral,TN,TP,TN,,,1,,1,,,,,,1,
514,hemat hemat hemat hemat also mba qris,Netral,Positif,FP,FN,TN,,1,,,,,,1,,,1,
515,hy spes sasing open joki tugas bhs ingris langsung chat fe jangkau cepat muas garansi revisi bayar ewalet qris pricelist testi,Netral,Netral,TN,TP,TN,,,1,,1,,,,,,1,
516,traktir masuk ims surabaya mumpung diskon transaksi danamon qris dbank pro lumayan banget ribu ribu,Positif,Positif,TP,TN,TN,1,,,,,,1,,,,1,
517,wajib bayar nontunai qr code pekan qris,Netral,Netral,TN,TP,TN,,,1,,1,,,,,,1,
518,pengunan layan qris harap dorong efisiensi transaksi cepat inklusi uang daerah,Netral,Netral,TN,TP,TN,,,1,,1,,,,,,1,
519,ayo bayar barangkali beli sharing pahamify zenius dia harga murah amanah lihat jadwal sharing direct message qris al ewalet testi,Netral,Netral,TN,TP,TN,,,1,,1,,,,,,1,
520,transaksi qris otomatis masuk rekening,Netral,Netral,TN,TP,TN,,,1,,1,,,,,,1,
521,cari mam bayar qris rumah tunai samsek ayam geprek favorit qris skip hua,Positif,Negatif,FN,TN,FP,,,,1,,,1,,,1,,
522,pgn ajak doi konser ims infinite live kahitna ges tiket bundle diskon ims surabaya danamon qris dbank pro ribu ribu beli tiket spot tiket box mantap seru banget kayak huhu okede gas,Positif,Positif,TP,TN,TN,1,,,,,,1,,,,1,
523,akun bisnis qris pined mutualan cepat,Negatif,Netral,TN,FP,FN,,,1,,,1,,,,,,1
524,bowleh bayar qris serius,Netral,Netral,TN,TP,TN,,,1,,1,,,,,,1,
525,luncur bank indonesia qris aplikasi standard qr code indonesia aman transaksi digital aplikasi ewalet pasti scan qris sehinga transaksi praktis,Positif,Positif,TP,TN,TN,1,,,,,,1,,,,1,
526,qris ayo cek taut moga informasi bantu lupa ajak temantemanmu transaksi mudah efisien,Netral,Netral,TN,TP,TN,,,1,,1,,,,,,1,
527,dolphino mohon maf ketidaknyamananya program promo cashback transaksi sukasuka qris payment livin mandiri merchant kuliner piza hut periode desember mekanisme nya sayurbox,Netral,Netral,TN,TP,TN,,,1,,1,,,,,,1,
528,enak jakarta bogor depok tangerang bekas jakarta transport integrasi turun kereta api jarak langsung sambung krlbus trans jakartalrt paymentnya gampang banget transport qris,Positif,Positif,TP,TN,TN,1,,,,,,1,,,,1,
529,deposit tanpan rumit qris gampang mudah detik langsung proses coba buru bonus nya ribu,Positif,Positif,TP,TN,TN,1,,,,,,1,,,,1,
530,scan qris co klik link bawah fast response fast transaksi,Netral,Netral,TN,TP,TN,,,1,,1,,,,,,1,
531,rtp gacor jamin tergacor baik minimal deposit id game deposit pulsa ewalet bank transaksi cepat praktis qris,Netral,Netral,TN,TP,TN,,,1,,1,,,,,,1,
532,nyaman butuh kendaran daring enak blue bird aps ketimbang gjekgab asli service nya enak ojol untunguntungan plus argo fixed price pilih payment non tunai qris,Positif,Positif,TP,TN,TN,1,,,,,,1,,,,1,
533,rangkum berita startup teknologi indonesia pek oktober himpun kabar linkaja terap qris mitra transaksi emas tokopedia signifikan lai post rangkum berita,Netral,Netral,TN,TP,TN,,,1,,1,,,,,,1,
534,pengunan qris pasang baru aplikasi mobile buka menu qr scan qris input nominal static cek nominal dynamic masuk halaman konfirmasi nominal transaksi masuk pin mbca bayar hasil informasi akses alif,Netral,Netral,TN,TP,TN,,,1,,1,,,,,,1,
535,era digital syukur mudah belanja ecomerce transaksi ewaletqris komunikasi mudah orang tonton hibur,Positif,Netral,FN,FP,TN,,,,1,,1,,,,,1,
536,antigen stasiun bekas bayar qris mohon terimakasi,Netral,Netral,TN,TP,TN,,,1,,1,,,,,,1,
537,maintenis jam pagi pas beli steam walet qris transaksi tunda kali alami ujung nya batal batas bayar besok lapor layan langgan bank nya balikin dana niat,Netral,Negatif,TN,FN,FP,,,1,,,,,1,,1,,
538,kayak pas bayar indomart suruh tampilin barcode beda qris,Netral,Negatif,TN,FN,FP,,,1,,,,,1,,1,,
539,ned netflix bayar qris,Netral,Netral,TN,TP,TN,,,1,,1,,,,,,1,
540,kado natal besok mumpung sobat beli kado bayar scan qris bifast kirakira sobat transaksi digital natal,Netral,Netral,TN,TP,TN,,,1,,1,,,,,,1,
541,bubur beli cimol qris,Netral,Netral,TN,TP,TN,,,1,,1,,,,,,1,
542,serius beli minum situ bayar qris,Netral,Positif,FP,FN,TN,,1,,,,,,1,,,1,
543,error scan qris,Negatif,Negatif,TN,TN,TP,,,1,,,,1,,1,,,
544,qris kode bu kasir otomatis cibiru songong bin ngotot transaksi qris limit duhduh ainhale exhale urus uang pusing moga hari,Negatif,Netral,TN,FP,FN,,,1,,,1,,,,,,1
545,ayo qris transaksi non tunai pilih sobat,Netral,Netral,TN,TP,TN,,,1,,1,,,,,,1,
546,alhamdulillah qris donasi semarang menfes buka kumpul total transaksi total uang rp moga amal kakak berkah senantiasa alah lipat ganda rezeki kakak aamiin,Positif,Positif,TP,TN,TN,1,,,,,,1,,,,1,
547,qris shopepay transaksi tolong baik minimal,Netral,Netral,TN,TP,TN,,,1,,1,,,,,,1,
548,sedia nomor transaksi convert ewalet qr link desak utama qr transaksi convert ewalet pulsa wajib input notes terima convert bank qris,Netral,Netral,TN,TP,TN,,,1,,1,,,,,,1,
549,bank indonesia bi resmi luncur quick respons code indonesian standard qris tuntas fitur qr transaksi tarik setor tunai sedia jasa bayar pjp cepat lambat sumateraekspres,Netral,Netral,TN,TP,TN,,,1,,1,,,,,,1,
550,banget livin bank mandiri tinggal qris transaksi hari rumit,Positif,Positif,TP,TN,TN,1,,,,,,1,,,,1,
551,nonton rizki febrian ims infinite live diskon tiket bundle masuk ims surabaya transaksi danamon qris dbank pro ribu ribu beli tiket spot tiket box murah traktir teman,Netral,Positif,FP,FN,TN,,1,,,,,,1,,,1,
552,smekom tips list merchant available scan qris try scan qris bayar malu,Netral,Netral,TN,TP,TN,,,1,,1,,,,,,1,
553,belanja butuh qris cashback beli paket qris unlimited aplikasi gojek rp loh dapat cashback tambah rp periode september laku beli paket kupon,Netral,Netral,TN,TP,TN,,,1,,1,,,,,,1,
554,laku usaha mudah untung proses cepat bank komersial bekerjasama bi menawrkan bunga tingi salah bank buka rekening bank nya syarat mengunakan system qris,Positif,Positif,TP,TN,TN,1,,,,,,1,,,,1,
555,minum teh cafe bayar qris kasir terima bank mandiri kakbeginilah ekosistem digital lemah qris pilihpilih bank,Negatif,Netral,TN,FP,FN,,,1,,,1,,,,,,1
556,belanja hemat kumpul mimin informasi belanja hemat cashback mengunakan qris btn mobile tarik banget ayo qris btn mobile transaksi,Positif,Positif,TP,TN,TN,1,,,,,,1,,,,1,
557,langsung proses qris aman akun ful garansi bulan,Netral,Netral,TN,TP,TN,,,1,,1,,,,,,1,
558,diskon qris qris motionbank diskon brawijaya hospital saharjo informasi laku desember,Netral,Netral,TN,TP,TN,,,1,,1,,,,,,1,
559,sedekah digital qris kotak infaq nu,Netral,Netral,TN,TP,TN,,,1,,1,,,,,,1,
560,simpel sop turnitin nomor repository file nomor repository proses tunggu menit buka admin tidur cek bayar bebas halaman bebas request filter bayar shopepay linkaja qris seabank,Netral,Netral,TN,TP,TN,,,1,,1,,,,,,1,
561,butuh sayur buah segar penuh belanja langsung web gratis kg telur ayam minimal transaksi rp mengunakan bjb digi bjb digicash qris bank bjb periode juli desember,Netral,Netral,TN,TP,TN,,,1,,1,,,,,,1,
562,informasi lapor transaksi qris proses maksimal kerja lapor kece lapor aplikasi brimo menu pusat bantu sabrina whatsap nomor akun resmi media sosial terverified tksdendi,Netral,Netral,TN,TP,TN,,,1,,1,,,,,,1,
563,ratus al qris ac emailpasword go gren masuk mtht random pesan direct message,Netral,Netral,TN,TP,TN,,,1,,1,,,,,,1,
564,darurat ortu pegang parkir makan qris pakai banget,Negatif,Negatif,TN,TN,TP,,,1,,,,1,,1,,,
565,kosong qris al acount emailpasword go gren masuk mtht random pesan direct message,Netral,Netral,TN,TP,TN,,,1,,1,,,,,,1,
566,minimal transaksi qris brimo tulisanya proses masuk merchant potong jam solusi,Netral,Netral,TN,TP,TN,,,1,,1,,,,,,1,
567,mohon informasi diy qris,Netral,Netral,TN,TP,TN,,,1,,1,,,,,,1,
568,simpel sepertinye tarik kerja kasir edc ajah suka beda laporanya lapor mesin kasir lapor bank nya lapor qris beda bayar tunai pesan daring,Positif,Positif,TP,TN,TN,1,,,,,,1,,,,1,
569,bi kepri catat transaksi qris cernival,Netral,Netral,TN,TP,TN,,,1,,1,,,,,,1,
570,quick respons code indonesian standard qris transaksi nontunai cepat mudah aplikasi dompet digital mesin kasir iring popularitas muncul risiko tipu qris palsu,Netral,Netral,TN,TP,TN,,,1,,1,,,,,,1,
571,transaksi penguna quick respons code indonesia standard qris tumbuh kini transaksi qris capai rp triliun penguna juta oktober,Netral,Netral,TN,TP,TN,,,1,,1,,,,,,1,
572,kpwbi solo siap sosialisasi qris mentari news,Netral,Netral,TN,TP,TN,,,1,,1,,,,,,1,
573,jual token listrik bayar qris,Netral,Netral,TN,TP,TN,,,1,,1,,,,,,1,
574,mohon maf kendala pending payment transaksi qris tanggal juli alami transaksi kredit setlement kait terima tian,Netral,Netral,TN,TP,TN,,,1,,1,,,,,,1,
575,mohon maf keluh alami keluh transaksi qris cek lapor tangan tim resolusi mohon tungu updatenya direct message terima pf,Netral,Netral,TN,TP,TN,,,1,,1,,,,,,1,
576,ingin belanja cashles bayar mini market mesin qris mesin dompet digital kira qris sesuai anjur,Netral,Negatif,TN,FN,FP,,,1,,,,,1,,1,,
577,mrt tol bayar qris tap nfc anti kartu prepaid bayar utama acesibility kartu prepaid,Netral,Netral,TN,TP,TN,,,1,,1,,,,,,1,
578,minimal tolong cek direct message masalah transaksi qris mandol sore terima,Netral,Netral,TN,TP,TN,,,1,,1,,,,,,1,
579,loh qris livin potong adminya,Negatif,Netral,TN,FP,FN,,,1,,,1,,,,,,1
580,gagal bayar qris pilih debit hasil habis notif transaksi qris hasil nya bayar makan orang,Netral,Negatif,TN,FN,FP,,,1,,,,,1,,1,,
581,beli iqiyi buka bayar qris,Netral,Netral,TN,TP,TN,,,1,,1,,,,,,1,
582,qris transaksi bris daring mudah cepat aman,Positif,Positif,TP,TN,TN,1,,,,,,1,,,,1,
583,icloud bayar qris,Netral,Netral,TN,TP,TN,,,1,,1,,,,,,1,
584,bayar dicafe qris sistem error transaksi gagal gaberkurang mobile banking pas pulang notif transaksi hasil potong walopun ribu gaterima report respons,Negatif,Negatif,TN,TN,TP,,,1,,,,1,,1,,,
585,bt promo cashback rp minimal beli rp qris,Netral,Netral,TN,TP,TN,,,1,,1,,,,,,1,
586,qris bawa mudah aman signifikan transaksi digital ketua kadin,Netral,Netral,TN,TP,TN,,,1,,1,,,,,,1,
587,netflix bayar qris gpay,Netral,Netral,TN,TP,TN,,,1,,1,,,,,,1,
588,informasi qris statis transaksi tangal agustus langsung masuk rekening tampung qris tungu proses setlement otomatis system hari,Netral,Netral,TN,TP,TN,,,1,,1,,,,,,1,
589,ned jasa tf payment qris drop fe,Netral,Netral,TN,TP,TN,,,1,,1,,,,,,1,
590,metode qris dagang pasar mudah transaksi ayo simak dapat,Netral,Netral,TN,TP,TN,,,1,,1,,,,,,1,
591,qris konsep bayar bank nyedian bayar qriskemaren coba qris jenius indomaret sapa superindo yacuman mandiri,Netral,Netral,TN,TP,TN,,,1,,1,,,,,,1,
592,minimal kemarin transaksi qris bsi mobile qris toko cek rekening potong qris payment status transaksi proses,Netral,Netral,TN,TP,TN,,,1,,1,,,,,,1,
593,ayo daicomnya banget payment qris,Netral,Netral,TN,TP,TN,,,1,,1,,,,,,1,
594,ohya supermarket kemarin potong qris gagal transaksi ujung tunai,Netral,Negatif,TN,FN,FP,,,1,,,,,1,,1,,
595,lengkap dokumen sila lampir dokumen alamat email bicara goid dinformasikan nomor tiket bicas moga kendala transaksi qris depa,Netral,Netral,TN,TP,TN,,,1,,1,,,,,,1,
596,deposit upahslot mudah mengunakan scan barcode deposit mengunakan qris proses transaksi qr code mudah cepat jaga keamananya link resmi ip,Netral,Netral,TN,TP,TN,,,1,,1,,,,,,1,
597,murah riah pack bejo sujamer fre ongkos kirim scan barcode qris layar kaca program kontes kdi malam jam mnctv,Netral,Netral,TN,TP,TN,,,1,,1,,,,,,1,
598,transaksi bank lokal indonesia biaya mahal hitunganya transaksi negeri engak qris transaksi qr bank mana fe operasional transaksi murah cepat,Positif,Positif,TP,TN,TN,1,,,,,,1,,,,1,
599,kulit awat hemat say godbye wajah kusam diskon keisha glow bayar qris motionbank sesuai tentu kulit cerah kantong ceria desember informasi,Netral,Netral,TN,TP,TN,,,1,,1,,,,,,1,
600,sedia deposit qris payment bulantogel transaksi mudah qris payment scan barcode qris deposit langsung proses hitung detik,Netral,Netral,TN,TP,TN,,,1,,1,,,,,,1,
601,minimal transaksi qris masuk,Negatif,Netral,TN,FP,FN,,,1,,,1,,,,,,1
602,al qris acount emailpasword go gren masuk mtht random pesan direct message,Netral,Netral,TN,TP,TN,,,1,,1,,,,,,1,
603,ned jasa cv pulsa tsel bayar brp qris,Netral,Netral,TN,TP,TN,,,1,,1,,,,,,1,
604,mohon perihal transaksi qris gagal tolak detil,Netral,Netral,TN,TP,TN,,,1,,1,,,,,,1,
605,iya qris,Netral,Netral,TN,TP,TN,,,1,,1,,,,,,1,
606,kelar bang aplikasi transaksi qris nya pending hari suruh nungu jam suruh nungu telpon nlp solusi jelas,Negatif,Negatif,TN,TN,TP,,,1,,,,1,,1,,,
607,bismilah ayo lengkapin infaq subuh qris sisa rp link doku shopepay yatim dhuafa muslim minoritas konfirmasi klik,Netral,Netral,TN,TP,TN,,,1,,1,,,,,,1,
608,bayar zakat mudah scan qris aplikasi brimo nomor rekening,Netral,Netral,TN,TP,TN,,,1,,1,,,,,,1,
609,talangin pegang tunai transaksi qris talangin ganti uang jam menit alami teman kayak talangin lupa bayar,Netral,Netral,TN,TP,TN,,,1,,1,,,,,,1,
610,duaduanya gerak senderny konfirmasi shope cafenya merchant benar nyangkut kasir track transaksi qris scan tbtb struknya otomatis panik tinggal track transaksi,Netral,Negatif,TN,FN,FP,,,1,,,,,1,,1,,
611,sayur kayak tempat bersih kah beda pasar tradisional utama jual bayar qris,Positif,Netral,FN,FP,TN,,,,1,,1,,,,,1,
612,coba transaksi qris kala transaksi kurang rekening mohon sedia lapor aplikasi brimo pilih menu akun pusat bantu aju adu gagal bayar qris,Netral,Netral,TN,TP,TN,,,1,,1,,,,,,1,
613,lift aglc gazebonya kotor banget sampah piring kotor kembali weh sinyal kantin hilang qris trouble,Negatif,Negatif,TN,TN,TP,,,1,,,,1,,1,,,
614,chapter bagi cerita alam transaksi mengunakan blu transaksi qris promopromo blu bluvirtual card hinga pengunan bludebit card hits sat contoh kayak,Netral,Netral,TN,TP,TN,,,1,,1,,,,,,1,
615,ribu kakak bayar qris ewalet bayar akhir bio kakak,Netral,Netral,TN,TP,TN,,,1,,1,,,,,,1,
616,transaksi qris tumbuh persen bank indonesia capai rp triliun,Netral,Netral,TN,TP,TN,,,1,,1,,,,,,1,
617,daily transaksi qris tf tarik tunai atm bikos atm ribu,Netral,Netral,TN,TP,TN,,,1,,1,,,,,,1,
618,wekend enak nya nonton konser ims infinite live diskon tiket bundle masuk ims surabaya bayar qris dbank pro ribu ribu beli tiket spot tiket box oh god seru habis,Positif,Positif,TP,TN,TN,1,,,,,,1,,,,1,
619,retwet terima readystock layout aespa hot mes baru harga keach fre retext payment qris layout langsung take ayo jajan,Netral,Netral,TN,TP,TN,,,1,,1,,,,,,1,
620,dibraga qris tempel ujung gitar,Netral,Negatif,TN,FN,FP,,,1,,,,,1,,1,,
621,ajang sosialisasi bjb digital payment bank bjb usung tema pasar ngadigi,Netral,Netral,TN,TP,TN,,,1,,1,,,,,,1,
622,transaksi transaksi bayar qris aman lancar jaya,Positif,Positif,TP,TN,TN,1,,,,,,1,,,,1,
623,disagre efisiensi transaksi qris rumit banding transaksi manfatin fitur paywave simply tinggal tap card praktis efisien,Positif,Positif,TP,TN,TN,1,,,,,,1,,,,1,
624,bayar qris,Netral,Netral,TN,TP,TN,,,1,,1,,,,,,1,
625,loh ricky kemarin jalan hahaha coba scan wechat bayar qris penasaran,Netral,Netral,TN,TP,TN,,,1,,1,,,,,,1,
626,bayar qris,Netral,Netral,TN,TP,TN,,,1,,1,,,,,,1,
627,tunai biar jajan also kayak enak bayar qris mah alas jajan,Netral,Negatif,TN,FN,FP,,,1,,,,,1,,1,,
628,transaksi qris kartu kredit virtual banget brimo loh,Netral,Positif,FP,FN,TN,,1,,,,,,1,,,1,
629,kang bayar qris aplikasi keluar,Netral,Netral,TN,TP,TN,,,1,,1,,,,,,1,
630,wta qris transaksi,Netral,Netral,TN,TP,TN,,,1,,1,,,,,,1,
631,terima sambutanya temu lain tag irfan hakim qris georgia khodam ipk pbnu daging siang elaelo ronaldo,Netral,Netral,TN,TP,TN,,,1,,1,,,,,,1,
632,cek cek qris,Netral,Netral,TN,TP,TN,,,1,,1,,,,,,1,
633,selamat malam jasmine transaksi qris sat sedia transaksi thailand malaysia terima dafa,Netral,Netral,TN,TP,TN,,,1,,1,,,,,,1,
634,promo laku transaksi merchant malaysia qris aplikasi promo laku akun pajak hadiah ditangung menang hak tindak user curang penyalahgunan,Netral,Netral,TN,TP,TN,,,1,,1,,,,,,1,
635,yuhu seru ayo sapa nyanyi bareng kahitna ims infinite live tiket bundle promo spesial disc cui masuk ims surabaya danamon qris dbank pro ribu ribu beli tiket spot tiket box,Netral,Positif,FP,FN,TN,,1,,,,,,1,,,1,
636,octo mobile belanja daring bukalapak blibli dinomarket transaksi qr bayar tagih menu bil payment belanja ofline merchant mengunakan qris,Netral,Netral,TN,TP,TN,,,1,,1,,,,,,1,
637,wta bikin qris bayar aplikasi nya,Netral,Netral,TN,TP,TN,,,1,,1,,,,,,1,
638,merchant promo tarik permatamobile qr bayar transaksi merchant logo qris dptin cashback brlaku harimaks rp mingu nasabah mantap,Netral,Netral,TN,TP,TN,,,1,,1,,,,,,1,
639,sistem bayar qris biaya transaksi us bahas,Netral,Netral,TN,TP,TN,,,1,,1,,,,,,1,
640,virtual credit card jadi kartu kredit sumber transaksi qris informasi lengkap sila unjung link akun resmi media sosial terverified,Netral,Netral,TN,TP,TN,,,1,,1,,,,,,1,
641,al qris akun emailpasword go gren masuk mtht random pesan direct message,Netral,Netral,TN,TP,TN,,,1,,1,,,,,,1,
642,bi tetap transaksi rp ribu bebas tarif qris,Netral,Netral,TN,TP,TN,,,1,,1,,,,,,1,
643,jasa pinjam qris fe nya transaksi drop fe,Netral,Netral,TN,TP,TN,,,1,,1,,,,,,1,
644,sobat informasi merchant qris singapore terima transaksi qris lintas negara crosborder merchant qr singapore logo nets qrsg qr sgqr,Netral,Netral,TN,TP,TN,,,1,,1,,,,,,1,
645,mudah bayar qris,Positif,Positif,TP,TN,TN,1,,,,,,1,,,,1,
646,tolol nemen wis pesan crepes ora ngawa uang tunai tolol abiz tolol saiki nyg deg degan nemen orabisa bayar qris,Negatif,Negatif,TN,TN,TP,,,1,,,,1,,1,,,
647,kupon belanja redem bripoin cashback transaksi merchant qris brimo gas unduh brimo cek informasi detail,Netral,Netral,TN,TP,TN,,,1,,1,,,,,,1,
648,bank indonesia bebas tarif bayar qris transaksi bawah rp ribu,Netral,Netral,TN,TP,TN,,,1,,1,,,,,,1,
649,pilih aplikasi bayar qris pindai standardisasi kode qr mudah transaksi jual beli ayo buka gawai pindai qrisnya sama,Netral,Netral,TN,TP,TN,,,1,,1,,,,,,1,
650,konser ims infinite live kahitna rizky febian diskon tiket masuk ims surabaya bayar qris dbank pro ribu ribu fixlah hemat,Positif,Netral,FN,FP,TN,,,,1,,1,,,,,1,
651,luncur qr code indonesian standard qris ungul serentak indonesia,Netral,Netral,TN,TP,TN,,,1,,1,,,,,,1,
652,ajar qris baca kris transaksi laku negara asean jujur qris hahahaha transaksi nfc ramai indonesia biar tinggal sorong handphonesmartwatch,Netral,Netral,TN,TP,TN,,,1,,1,,,,,,1,
653,giat tuju paham mahasiswa uin khas jember kait transaksi aman rumit qris cinta banga paham rupiah kupas tuntas beasiswa bank indonesia genbi,Netral,Netral,TN,TP,TN,,,1,,1,,,,,,1,
654,retwet buka donasi korban jadi plumpang donasi salur penuh target donasi sila scan qris nominal terima senang hati terima,Netral,Netral,TN,TP,TN,,,1,,1,,,,,,1,
655,duitah dongo ciel kerja scan qris mulu tai ciel stop,Negatif,Negatif,TN,TN,TP,,,1,,,,1,,1,,,
656,cek rutin jaga sehat cek rutin kimia farma lab klinik dapat diskon qris motionbank sesuai tentu sst bayar tinggal scan laku agustus informasi,Netral,Netral,TN,TP,TN,,,1,,1,,,,,,1,
657,ilmin program cashback transaksi sukasuka qris payment livin mandiri daftar merchant program,Netral,Netral,TN,TP,TN,,,1,,1,,,,,,1,
658,pas cek benar pakai transaksi qris atm tunai malih,Netral,Negatif,TN,FN,FP,,,1,,,,,1,,1,,
659,untuk fasilitas adu aplikasi bantu kronologi beli obat transaksi qris transaksi gagal potong ngadu cuman suruh aju adu brimo hari cuman proses,Negatif,Positif,FP,TN,FN,,1,,,,,1,,,,,1
660,pemkab kudus hadir layan program bayar retribusi layan parkir tepi jalan transaksi nontunai qris nama sip parkir,Netral,Netral,TN,TP,TN,,,1,,1,,,,,,1,
661,kuliner hemat bayar scan qris octo mobile nikmat cashback beli fb merchant favorit pilih aman traksaksi nyaman tinggal scan qris octo mobile,Positif,Netral,FN,FP,TN,,,,1,,1,,,,,1,
662,open cv ewalet tf bank bayar virtual account seabank briva fastres convert jasa linkaja jago bsi mandiri qris non premium gpay tambah astrapay isa permata co bcda neobank,Netral,Netral,TN,TP,TN,,,1,,1,,,,,,1,
663,akulaku sedia fitur qris mudah penguna transaksi bayar simak tampil fitur qris aplikasi akulaku mudah,Positif,Netral,FN,FP,TN,,,,1,,1,,,,,1,
664,digitalisasi transaksi uang qris laju sulawesi utara upaya salah satu digitalisasi kanal bayar retribusi perintah,Netral,Netral,TN,TP,TN,,,1,,1,,,,,,1,
665,wta minjem qris fe nya transaksi nominal,Netral,Netral,TN,TP,TN,,,1,,1,,,,,,1,
666,informasi go piece bayar qris,Netral,Netral,TN,TP,TN,,,1,,1,,,,,,1,
667,bang jajan olive bayar kadang qris,Netral,Negatif,TN,FN,FP,,,1,,,,,1,,1,,
668,least bayar qr code penuh meja kasir bi rilis qris laku,Netral,Netral,TN,TP,TN,,,1,,1,,,,,,1,
669,sobat informasi transaksi qris kartu kredit sumber mengunakan kartu kredit reguler fitur kartu kredit co branding card tokopedia card traveloka btn gadai,Netral,Netral,TN,TP,TN,,,1,,1,,,,,,1,
670,bayar qris baru aplikasi ganti bayar minimal,Netral,Netral,TN,TP,TN,,,1,,1,,,,,,1,
671,jasa cv neobank nomor rek qris,Netral,Netral,TN,TP,TN,,,1,,1,,,,,,1,
672,bayar qris,Netral,Netral,TN,TP,TN,,,1,,1,,,,,,1,
673,qris pospay kecuali fitur qris pospay aneh bayar pos indonesia hidup segan mati,Negatif,Negatif,TN,TN,TP,,,1,,,,1,,1,,,
674,luncur qris bank mega syariah buku transaksi rp juta,Netral,Netral,TN,TP,TN,,,1,,1,,,,,,1,
675,tambah biaya layan qris laku transaksi ribu ransaksi ribu kena biaya qris merchant diskon rate persen,Netral,Netral,TN,TP,TN,,,1,,1,,,,,,1,
676,qris singkat quick respons code indonesian standard standar kode qr kembang bank indonesia mudah transaksi bayar elektronik indonesia,Netral,Netral,TN,TP,TN,,,1,,1,,,,,,1,
677,mudah transaksi qris bantu laku umkm partisipasi volume transaksi lebaran ketua kadin,Netral,Netral,TN,TP,TN,,,1,,1,,,,,,1,
678,cepat digitalisasi sistem bayar efisiensi transaksi luas ekosistem ekonomi uang digital ekd efektivitas implementasi bijak qris tuntas merchant diskon rate usaha mikro umi luas kerja qris antarnegara,Netral,Netral,TN,TP,TN,,,1,,1,,,,,,1,
679,mint tukang soto goba tukang seblak qris,Netral,Netral,TN,TP,TN,,,1,,1,,,,,,1,
680,transaksi gampang dompet ketingalan tinggal scan qris indibiz gampang,Positif,Positif,TP,TN,TN,1,,,,,,1,,,,1,
681,ned netflix bulan bayar qith qris drop pl user dua nya bayar,Netral,Netral,TN,TP,TN,,,1,,1,,,,,,1,
682,transaksi qris tangal juli jelas suruh nungu aplikasi bobrok,Negatif,Negatif,TN,TN,TP,,,1,,,,1,,1,,,
683,scan qris get brp,Netral,Netral,TN,TP,TN,,,1,,1,,,,,,1,
684,shopepay kfc cashback rp periode juli tinggal scan qris otopay aplikasi shope cek promo shopepay lai,Netral,Netral,TN,TP,TN,,,1,,1,,,,,,1,
685,sobat informasi transaksi qris kartu kredit sumber mengunakan kartu kredit reguler fitur kartu kredit co branding card tokopedia card traveloka btn,Netral,Netral,TN,TP,TN,,,1,,1,,,,,,1,
686,bank bjb terap piloting pengunan quick respons code indonesian standard qris fitur bayar uang elektronik baru bas ponsel,Netral,Netral,TN,TP,TN,,,1,,1,,,,,,1,
687,bi kepri catat nilai transaksi qris capai rp triliun hinga juni,Netral,Netral,TN,TP,TN,,,1,,1,,,,,,1,
688,transaksi qris status gagal merchantpun terima jam refund,Netral,Negatif,TN,FN,FP,,,1,,,,,1,,1,,
689,jajan bazar tujuh bas bingung tinggal bayar qris shopepay lupa promo cashback transaksi sobat shopepay ayo coba,Netral,Netral,TN,TP,TN,,,1,,1,,,,,,1,
690,qris wkwkw pinjam orang belah berani,Netral,Netral,TN,TP,TN,,,1,,1,,,,,,1,
691,sobat khawatir informasi transaksi bayar qris proses transaksi sila kece mutasi rekening kala aplikasi brimo,Netral,Netral,TN,TP,TN,,,1,,1,,,,,,1,
692,transaksi qris repot status pending nelp cal center bank cuman bayar ribu paksa kasir bayar tunai nelp cal center kena pulsa,Negatif,Netral,TN,FP,FN,,,1,,,1,,,,,,1
693,krl yksolo bayar scan qris gotransit mantap sblmnya linkaja stop,Netral,Positif,FP,FN,TN,,1,,,,,,1,,,1,
694,kosong qris al akun emailpasword go gren masuk mtht mulchar pesan direct message,Netral,Netral,TN,TP,TN,,,1,,1,,,,,,1,
695,simpel sop turnitin nomor repository file nomor repository proses tunggu menit buka admin tidur cek bayar bebas halaman bebas request filter bayar shopepay linkaja qris seabank,Netral,Netral,TN,TP,TN,,,1,,1,,,,,,1,
696,april sobat bumn brimo transaksi bayar takjil praktis fitur qris bayar zakat fitur donasi thr setor tunai streaming kaji lancar top paket data,Netral,Positif,FP,FN,TN,,1,,,,,,1,,,1,
697,mohon maf ketidaknyamananya salah setle transaksi qris nasional statis dinamis transaksi tangal juli tersetle transaksi tangal juli tersetle tian,Netral,Netral,TN,TP,TN,,,1,,1,,,,,,1,
698,buka scan qris conv store langsung masuk nominal tinggal scan otomatis potong saldo,Netral,Netral,TN,TP,TN,,,1,,1,,,,,,1,
699,bayar qris fraud gmpg banget yak theres prety big hole,Negatif,Negatif,TN,TN,TP,,,1,,,,1,,1,,,
700,selamat sore sat kendala transaksi qris pasti jaring stabil transaksi,Netral,Netral,TN,TP,TN,,,1,,1,,,,,,1,
701,qris error kah qris beli baso afung potong saldo bayar afungnya masuk paksa debit,Negatif,Negatif,TN,TN,TP,,,1,,,,1,,1,,,
702,ngakak banget habis belanja aeon bsd handphone literaly mati internetnya wifi mati bodohnha bawa dompet bayar kasir qris tethering handphone spv,Negatif,Negatif,TN,TN,TP,,,1,,,,1,,1,,,
703,terima stock modboard deco layout al ive members ryujin itzy miyawaki sakura klayout thru scan qris direct message take layout nya tags ive yujin gaeul rei wonyoung liz leseo ryujin sakura,Netral,Netral,TN,TP,TN,,,1,,1,,,,,,1,
704,malam mandiri minimal transaksi qris,Netral,Netral,TN,TP,TN,,,1,,1,,,,,,1,
705,minimal transaksi qris potong gasampe tuju,Netral,Netral,TN,TP,TN,,,1,,1,,,,,,1,
706,orang mimin orang transaksi qris like balas qris seabank sebanyakbanyaknya hadiah spesial mimin,Netral,Netral,TN,TP,TN,,,1,,1,,,,,,1,
707,senang hati informasi proses setlement transaksi qris dinamis setlement setlement otomatis,Netral,Netral,TN,TP,TN,,,1,,1,,,,,,1,
708,maf bikin kakak nyaman aplikasi blu sat kendala transaksi qris kakak kirim tampil gambar kendala kakak alami direct message minblu informasi,Netral,Netral,TN,TP,TN,,,1,,1,,,,,,1,
709,dukung edukasi pengunan qris acara fintech festival bank indonesia fifesbi cirebon,Netral,Netral,TN,TP,TN,,,1,,1,,,,,,1,
710,gojek linkaja support qris,Netral,Netral,TN,TP,TN,,,1,,1,,,,,,1,
711,benci banget ngu cuman perkara bayar cuman qris kartu sedia cuman perkara biar kartu aktif target ambil rumah bth credit score bagus,Negatif,Positif,FP,TN,FN,,1,,,,,1,,,,,1
712,want sel kuota xl akrab sharing gb rewards gb area gb area gb area gb area gb aktif harga sisa al payment qris fastresp,Netral,Netral,TN,TP,TN,,,1,,1,,,,,,1,
713,butuh cv convert tf pindah ewalet bank ayo fenya ewalet premium ewalet nonprem verif qris,Netral,Netral,TN,TP,TN,,,1,,1,,,,,,1,
714,get ayo co rumit menit scan qris link,Netral,Netral,TN,TP,TN,,,1,,1,,,,,,1,
715,sobat mohon maf kendala transaksi qris tindak mohon sedia buat lapor aplikasi brimo pilih menu akun pusat bantu hubung contact,Netral,Netral,TN,TP,TN,,,1,,1,,,,,,1,
716,sobat mohon maf ketidaknyamanan alami transaksi kurang rekening mohon sedia lapor aplikasi brimo pilih menu akun pusat bantu aju adu gagal bayar qris,Netral,Netral,TN,TP,TN,,,1,,1,,,,,,1,
717,mudah transaksi pasar tradisional depok fasilitas qris,Netral,Netral,TN,TP,TN,,,1,,1,,,,,,1,
718,alo mimin point alo bank pakai transaksi qris merchant ct corp transmart wendys bayar mega finance aplikasi alo bank ek,Netral,Netral,TN,TP,TN,,,1,,1,,,,,,1,
719,gampang bayar qris kartu kredit brimo,Netral,Netral,TN,TP,TN,,,1,,1,,,,,,1,
720,bingung bayar debit card qris self layan monitor pesan mcd jelasin step bayar counter kikuk banget bingung,Netral,Netral,TN,TP,TN,,,1,,1,,,,,,1,
721,phm keluh keluh transaksi qris sila tungu informasi direct message terima pf,Netral,Netral,TN,TP,TN,,,1,,1,,,,,,1,
722,asyik banget konser ims infinite live nyanyi bareng kahitna tiket bundle promo disko spesial ims surabaya danamon qris dbank pro ribu ribu beli tiket spot tiket box informasi lengkap,Netral,Positif,FP,FN,TN,,1,,,,,,1,,,1,
723,bekal tahu praktek mengunakan qris transaksi laku belanja donasi sedekah qris,Netral,Netral,TN,TP,TN,,,1,,1,,,,,,1,
724,anjg lambat banget scan qris,Negatif,Negatif,TN,TN,TP,,,1,,,,1,,1,,,
725,qris cetak discan,Netral,Netral,TN,TP,TN,,,1,,1,,,,,,1,
726,bi regulator pjsp penyelengara jasa sistem bayar upaya ambil langkah strategis visioner adaptif salah satu terap qris efektif laku januari kuat kesiap indonesia songsong era digitalisasi,Netral,Netral,TN,TP,TN,,,1,,1,,,,,,1,
727,genjot transaksi qris bank mandiri mengandeng juta merchant indonesia,Netral,Netral,TN,TP,TN,,,1,,1,,,,,,1,
728,dorong implementasi qris ekosistem didik,Netral,Netral,TN,TP,TN,,,1,,1,,,,,,1,
729,keluh transaksi qris sila email id terima pf,Netral,Netral,TN,TP,TN,,,1,,1,,,,,,1,
730,dear orang suka bayar qris sabar mending tunai rumit ajig masuk cabut lu potong masuk gagal refund lu nya nombok syal,Negatif,Negatif,TN,TN,TP,,,1,,,,1,,1,,,
731,transaksi qris aplikasieklotok,Netral,Netral,TN,TP,TN,,,1,,1,,,,,,1,
732,bayar qris id transaksi,Netral,Netral,TN,TP,TN,,,1,,1,,,,,,1,
733,sistem qris transaksi bayar pajak daerah kabupaten bengkal mudah,Netral,Netral,TN,TP,TN,,,1,,1,,,,,,1,
734,dagang pasar lamongan transaksi qris eretribusi media coruption expose,Netral,Netral,TN,TP,TN,,,1,,1,,,,,,1,
735,close,Netral,Netral,TN,TP,TN,,,1,,1,,,,,,1,
736,banget nonton rizki febrian ims infinite live tarik diskon tiket bundle masuk ims transaksi danamon qris dbank pro ayo,Netral,Netral,TN,TP,TN,,,1,,1,,,,,,1,
737,dips sayur gas pembayaranya qris,Netral,Netral,TN,TP,TN,,,1,,1,,,,,,1,
738,terap qris rumah sakit pemprov gubernur koster transaksi digital selaras tatanan hidup era gubernur bal wayan koster sambut pengunan transaksi qris qr code indonesia indonesian,Netral,Netral,TN,TP,TN,,,1,,1,,,,,,1,
739,promo bayar qris fes tunai,Netral,Netral,TN,TP,TN,,,1,,1,,,,,,1,
740,minimal transaksi qris potong masuk bukti,Negatif,Netral,TN,FP,FN,,,1,,,1,,,,,,1
741,oke bang iya bayar qris mora tunai,Netral,Netral,TN,TP,TN,,,1,,1,,,,,,1,
742,canva premium bulan qris yap,Netral,Netral,TN,TP,TN,,,1,,1,,,,,,1,
743,bismilah ayo lengkap infaq subuh qris sisa rp link doku shopepay yatimduafa muslim minoritas konfirmasi klik,Netral,Netral,TN,TP,TN,,,1,,1,,,,,,1,
744,simpel sop cek turnitin nomor repository file nomor repository proses tunggu menit buka admin tidur cek bayar bebas halaman bebas request filter bayar shopepay linkaja qris seabank,Netral,Netral,TN,TP,TN,,,1,,1,,,,,,1,
745,banjir cashback buru mcdonalds cashback mengunakan qris blu minimum beli rp maksimal cashback rp cashback valid transaksibulanpenguna blu kode kupon blumcd,Netral,Netral,TN,TP,TN,,,1,,1,,,,,,1,
746,want sel kuota xl akrab sharing gb rewards gb kuota fix gb lokal area gb harga sisa al payment qris fastresp,Netral,Netral,TN,TP,TN,,,1,,1,,,,,,1,
747,pamer burek seabank hari otomatis masuk reward nya selesai burek get coba transaksi qris,Netral,Netral,TN,TP,TN,,,1,,1,,,,,,1,
748,qris toko masuk saldo secepet transaksi,Netral,Netral,TN,TP,TN,,,1,,1,,,,,,1,
749,maf bikin kakak nyaman pengunan qris sat transaksi bayar kena biaya transaksi kakak kena biaya sat transaksi qris,Netral,Netral,TN,TP,TN,,,1,,1,,,,,,1,
750,ph cari trader pesos transaksi thai qris langsung,Netral,Netral,TN,TP,TN,,,1,,1,,,,,,1,
751,ims surabaya takut kelaperan gais cashback transaksi qris dbank pro lumayan banget,Positif,Positif,TP,TN,TN,1,,,,,,1,,,,1,
752,oh bayar frequently asked question bayar qris jujur tunai enga biar safe bayar cashles,Netral,Netral,TN,TP,TN,,,1,,1,,,,,,1,
753,gasih beli tiket cgv ofline bayar qris,Netral,Netral,TN,TP,TN,,,1,,1,,,,,,1,
754,kait keluh nama bisnis akun bisnis mohon maf ketidaknyamananya infoin agustus nama bisnis identitas usaha ubah pengaruh transaksi qris kakak terima,Netral,Netral,TN,TP,TN,,,1,,1,,,,,,1,
755,memanfatkan qris bayar langanan bulan simpel banget,Netral,Positif,FP,FN,TN,,1,,,,,,1,,,1,
756,transaksi qris rp gratis simak artikel,Netral,Netral,TN,TP,TN,,,1,,1,,,,,,1,
757,octo mobile belanja daring bukalapak blibli dinomarket transaksi qr bayar tagih menu bil payment belanja ofline merchant mengunakan qris,Netral,Netral,TN,TP,TN,,,1,,1,,,,,,1,
758,gin biaya admin qris transaksi tarik setor tunai,Netral,Netral,TN,TP,TN,,,1,,1,,,,,,1,
759,sepakat transaksi mengunakan qris milik mudah kewaspadan tips trik transaksi aman qris ayo maju sistem bayar nasional lengkap,Netral,Netral,TN,TP,TN,,,1,,1,,,,,,1,
760,lambat verifikasi arsitektur kartu qris butuh langkah bayar kendala kartu,Negatif,Netral,TN,FP,FN,,,1,,,1,,,,,,1
761,mobile banking coba mandiri duper nyaman enak jarang ganguan error drama bayar qristf uang potong alam bank bank mandiri,Positif,Positif,TP,TN,TN,1,,,,,,1,,,,1,
762,hokben blu bilang bayar qris pesan hoka hemat sadar kasih mayo habismi makan saladna sedih hahahaha pantas,Negatif,Netral,TN,FP,FN,,,1,,,1,,,,,,1
763,aplikasi nya transaksi apa aplikasi bayar qris rp debit untung gagal rp tolong usut jadi,Negatif,Netral,TN,FP,FN,,,1,,,1,,,,,,1
764,cari cair cepat langsung hubung inbox masuk fe testi cek instagram profile cepat proses menit scan qris,Netral,Netral,TN,TP,TN,,,1,,1,,,,,,1,
765,minimal transaksi qris mobile banking transaksi tunda potong solusi,Netral,Netral,TN,TP,TN,,,1,,1,,,,,,1,
766,susah beli tiket streaming show sr bantujokinjastip beli show sr harga sesuai rafe direct message langsung bayar qris al ewalet btpn bank jago aman nyaman trusted transaksi bank digital resmi,Netral,Netral,TN,TP,TN,,,1,,1,,,,,,1,
767,eri sayang jadi alami dasar qris terima transaksi bayar mengunakan qr penyelengara aplikasi bayar konsumen beda penyelengara qris merchant,Negatif,Negatif,TN,TN,TP,,,1,,,,1,,1,,,
768,sobat mohon maf ketidaknyamanan transaksi sat transaksi qris tingkat layan sobat mengunakan fitur transaksi lai brimo mudah lancar transaksi perban,Netral,Netral,TN,TP,TN,,,1,,1,,,,,,1,
769,solusi sederhana lacak transaksi rp juta qris livin,Netral,Netral,TN,TP,TN,,,1,,1,,,,,,1,
770,hobi kuliner mimin ikut angkat tangan pas banget event asi fod festival hublife mal taman angrek fodmrkt lantai lupa bayar scan qris octo mobile cashback jajan,Netral,Netral,TN,TP,TN,,,1,,1,,,,,,1,
771,pekan qris nasional pqn giat diselengarakan bank indonesia indonesia tujuanya tingkat dorong luas pengunan qris cimb niaga partisipasi giat loh qris cimb niaga transaksi,Netral,Netral,TN,TP,TN,,,1,,1,,,,,,1,
772,jago qris transaksi qris biar metrik moncer,Negatif,Netral,TN,FP,FN,,,1,,,1,,,,,,1
